Im_paths,steering
/home/ashraf/Documents/BFMC_Simulator/startup_workspace/DataSet/IMG/img_2021_04_20-05_46_49_PM0.jpg,0
/home/ashraf/Documents/BFMC_Simulator/startup_workspace/DataSet/IMG/img_2021_04_20-05_46_49_PM1.jpg,0
/home/ashraf/Documents/BFMC_Simulator/startup_workspace/DataSet/IMG/img_2021_04_20-05_46_49_PM2.jpg,2
/home/ashraf/Documents/BFMC_Simulator/startup_workspace/DataSet/IMG/img_2021_04_20-05_46_50_PM3.jpg,2
/home/ashraf/Documents/BFMC_Simulator/startup_workspace/DataSet/IMG/img_2021_04_20-05_46_50_PM4.jpg,2
/home/ashraf/Documents/BFMC_Simulator/startup_workspace/DataSet/IMG/img_2021_04_20-05_46_50_PM5.jpg,2
/home/ashraf/Documents/BFMC_Simulator/startup_workspace/DataSet/IMG/img_2021_04_20-05_46_50_PM6.jpg,2
/home/ashraf/Documents/BFMC_Simulator/startup_workspace/DataSet/IMG/img_2021_04_20-05_46_51_PM7.jpg,2
/home/ashraf/Documents/BFMC_Simulator/startup_workspace/DataSet/IMG/img_2021_04_20-05_46_51_PM8.jpg,2
/home/ashraf/Documents/BFMC_Simulator/startup_workspace/DataSet/IMG/img_2021_04_20-05_46_51_PM9.jpg,2
/home/ashraf/Documents/BFMC_Simulator/startup_workspace/DataSet/IMG/img_2021_04_20-05_46_51_PM10.jpg,2
/home/ashraf/Documents/BFMC_Simulator/startup_workspace/DataSet/IMG/img_2021_04_20-05_46_52_PM11.jpg,2
/home/ashraf/Documents/BFMC_Simulator/startup_workspace/DataSet/IMG/img_2021_04_20-05_46_52_PM12.jpg,2
/home/ashraf/Documents/BFMC_Simulator/startup_workspace/DataSet/IMG/img_2021_04_20-05_46_52_PM13.jpg,2
/home/ashraf/Documents/BFMC_Simulator/startup_workspace/DataSet/IMG/img_2021_04_20-05_46_52_PM14.jpg,2
/home/ashraf/Documents/BFMC_Simulator/startup_workspace/DataSet/IMG/img_2021_04_20-05_46_53_PM15.jpg,2
/home/ashraf/Documents/BFMC_Simulator/startup_workspace/DataSet/IMG/img_2021_04_20-05_46_53_PM16.jpg,2
/home/ashraf/Documents/BFMC_Simulator/startup_workspace/DataSet/IMG/img_2021_04_20-05_46_53_PM17.jpg,2
/home/ashraf/Documents/BFMC_Simulator/startup_workspace/DataSet/IMG/img_2021_04_20-05_46_54_PM18.jpg,2
/home/ashraf/Documents/BFMC_Simulator/startup_workspace/DataSet/IMG/img_2021_04_20-05_46_54_PM19.jpg,2
/home/ashraf/Documents/BFMC_Simulator/startup_workspace/DataSet/IMG/img_2021_04_20-05_46_54_PM20.jpg,2
/home/ashraf/Documents/BFMC_Simulator/startup_workspace/DataSet/IMG/img_2021_04_20-05_46_54_PM21.jpg,2
/home/ashraf/Documents/BFMC_Simulator/startup_workspace/DataSet/IMG/img_2021_04_20-05_46_55_PM22.jpg,2
/home/ashraf/Documents/BFMC_Simulator/startup_workspace/DataSet/IMG/img_2021_04_20-05_46_55_PM23.jpg,2
/home/ashraf/Documents/BFMC_Simulator/startup_workspace/DataSet/IMG/img_2021_04_20-05_46_55_PM24.jpg,2
/home/ashraf/Documents/BFMC_Simulator/startup_workspace/DataSet/IMG/img_2021_04_20-05_46_55_PM25.jpg,2
/home/ashraf/Documents/BFMC_Simulator/startup_workspace/DataSet/IMG/img_2021_04_20-05_46_56_PM26.jpg,2
/home/ashraf/Documents/BFMC_Simulator/startup_workspace/DataSet/IMG/img_2021_04_20-05_46_56_PM27.jpg,2
/home/ashraf/Documents/BFMC_Simulator/startup_workspace/DataSet/IMG/img_2021_04_20-05_46_56_PM28.jpg,2
/home/ashraf/Documents/BFMC_Simulator/startup_workspace/DataSet/IMG/img_2021_04_20-05_46_56_PM29.jpg,2
/home/ashraf/Documents/BFMC_Simulator/startup_workspace/DataSet/IMG/img_2021_04_20-05_46_57_PM30.jpg,2
/home/ashraf/Documents/BFMC_Simulator/startup_workspace/DataSet/IMG/img_2021_04_20-05_46_57_PM31.jpg,2
/home/ashraf/Documents/BFMC_Simulator/startup_workspace/DataSet/IMG/img_2021_04_20-05_46_57_PM32.jpg,2
/home/ashraf/Documents/BFMC_Simulator/startup_workspace/DataSet/IMG/img_2021_04_20-05_46_57_PM33.jpg,2
/home/ashraf/Documents/BFMC_Simulator/startup_workspace/DataSet/IMG/img_2021_04_20-05_46_58_PM34.jpg,2
/home/ashraf/Documents/BFMC_Simulator/startup_workspace/DataSet/IMG/img_2021_04_20-05_46_58_PM35.jpg,2
/home/ashraf/Documents/BFMC_Simulator/startup_workspace/DataSet/IMG/img_2021_04_20-05_46_58_PM36.jpg,2
/home/ashraf/Documents/BFMC_Simulator/startup_workspace/DataSet/IMG/img_2021_04_20-05_46_58_PM37.jpg,2
/home/ashraf/Documents/BFMC_Simulator/startup_workspace/DataSet/IMG/img_2021_04_20-05_46_59_PM38.jpg,2
/home/ashraf/Documents/BFMC_Simulator/startup_workspace/DataSet/IMG/img_2021_04_20-05_46_59_PM39.jpg,2
/home/ashraf/Documents/BFMC_Simulator/startup_workspace/DataSet/IMG/img_2021_04_20-05_46_59_PM40.jpg,2
/home/ashraf/Documents/BFMC_Simulator/startup_workspace/DataSet/IMG/img_2021_04_20-05_46_59_PM41.jpg,2
/home/ashraf/Documents/BFMC_Simulator/startup_workspace/DataSet/IMG/img_2021_04_20-05_47_00_PM42.jpg,2
/home/ashraf/Documents/BFMC_Simulator/startup_workspace/DataSet/IMG/img_2021_04_20-05_47_00_PM43.jpg,2
/home/ashraf/Documents/BFMC_Simulator/startup_workspace/DataSet/IMG/img_2021_04_20-05_47_00_PM44.jpg,2
/home/ashraf/Documents/BFMC_Simulator/startup_workspace/DataSet/IMG/img_2021_04_20-05_47_01_PM45.jpg,2
/home/ashraf/Documents/BFMC_Simulator/startup_workspace/DataSet/IMG/img_2021_04_20-05_47_01_PM46.jpg,2
/home/ashraf/Documents/BFMC_Simulator/startup_workspace/DataSet/IMG/img_2021_04_20-05_47_01_PM47.jpg,2
/home/ashraf/Documents/BFMC_Simulator/startup_workspace/DataSet/IMG/img_2021_04_20-05_47_01_PM48.jpg,2
/home/ashraf/Documents/BFMC_Simulator/startup_workspace/DataSet/IMG/img_2021_04_20-05_47_02_PM49.jpg,2
/home/ashraf/Documents/BFMC_Simulator/startup_workspace/DataSet/IMG/img_2021_04_20-05_47_02_PM50.jpg,2
/home/ashraf/Documents/BFMC_Simulator/startup_workspace/DataSet/IMG/img_2021_04_20-05_47_02_PM51.jpg,2
/home/ashraf/Documents/BFMC_Simulator/startup_workspace/DataSet/IMG/img_2021_04_20-05_47_03_PM52.jpg,2
/home/ashraf/Documents/BFMC_Simulator/startup_workspace/DataSet/IMG/img_2021_04_20-05_47_03_PM53.jpg,2
/home/ashraf/Documents/BFMC_Simulator/startup_workspace/DataSet/IMG/img_2021_04_20-05_47_03_PM54.jpg,2
/home/ashraf/Documents/BFMC_Simulator/startup_workspace/DataSet/IMG/img_2021_04_20-05_47_03_PM55.jpg,2
/home/ashraf/Documents/BFMC_Simulator/startup_workspace/DataSet/IMG/img_2021_04_20-05_47_04_PM56.jpg,2
/home/ashraf/Documents/BFMC_Simulator/startup_workspace/DataSet/IMG/img_2021_04_20-05_47_04_PM57.jpg,2
/home/ashraf/Documents/BFMC_Simulator/startup_workspace/DataSet/IMG/img_2021_04_20-05_47_04_PM58.jpg,2
/home/ashraf/Documents/BFMC_Simulator/startup_workspace/DataSet/IMG/img_2021_04_20-05_47_05_PM59.jpg,2
/home/ashraf/Documents/BFMC_Simulator/startup_workspace/DataSet/IMG/img_2021_04_20-05_47_05_PM60.jpg,2
/home/ashraf/Documents/BFMC_Simulator/startup_workspace/DataSet/IMG/img_2021_04_20-05_47_05_PM61.jpg,2
/home/ashraf/Documents/BFMC_Simulator/startup_workspace/DataSet/IMG/img_2021_04_20-05_47_06_PM62.jpg,2
/home/ashraf/Documents/BFMC_Simulator/startup_workspace/DataSet/IMG/img_2021_04_20-05_47_06_PM63.jpg,2
/home/ashraf/Documents/BFMC_Simulator/startup_workspace/DataSet/IMG/img_2021_04_20-05_47_06_PM64.jpg,2
/home/ashraf/Documents/BFMC_Simulator/startup_workspace/DataSet/IMG/img_2021_04_20-05_47_06_PM65.jpg,2
/home/ashraf/Documents/BFMC_Simulator/startup_workspace/DataSet/IMG/img_2021_04_20-05_47_07_PM66.jpg,2
/home/ashraf/Documents/BFMC_Simulator/startup_workspace/DataSet/IMG/img_2021_04_20-05_47_07_PM67.jpg,0
/home/ashraf/Documents/BFMC_Simulator/startup_workspace/DataSet/IMG/img_2021_04_20-05_47_07_PM68.jpg,-1
/home/ashraf/Documents/BFMC_Simulator/startup_workspace/DataSet/IMG/img_2021_04_20-05_47_07_PM69.jpg,-1
/home/ashraf/Documents/BFMC_Simulator/startup_workspace/DataSet/IMG/img_2021_04_20-05_47_08_PM70.jpg,-1
/home/ashraf/Documents/BFMC_Simulator/startup_workspace/DataSet/IMG/img_2021_04_20-05_47_08_PM71.jpg,-1
/home/ashraf/Documents/BFMC_Simulator/startup_workspace/DataSet/IMG/img_2021_04_20-05_47_08_PM72.jpg,-2
/home/ashraf/Documents/BFMC_Simulator/startup_workspace/DataSet/IMG/img_2021_04_20-05_47_08_PM73.jpg,-3
/home/ashraf/Documents/BFMC_Simulator/startup_workspace/DataSet/IMG/img_2021_04_20-05_47_09_PM74.jpg,-3
/home/ashraf/Documents/BFMC_Simulator/startup_workspace/DataSet/IMG/img_2021_04_20-05_47_09_PM75.jpg,-3
/home/ashraf/Documents/BFMC_Simulator/startup_workspace/DataSet/IMG/img_2021_04_20-05_47_09_PM76.jpg,-2
/home/ashraf/Documents/BFMC_Simulator/startup_workspace/DataSet/IMG/img_2021_04_20-05_47_09_PM77.jpg,-2
/home/ashraf/Documents/BFMC_Simulator/startup_workspace/DataSet/IMG/img_2021_04_20-05_47_10_PM78.jpg,-2
/home/ashraf/Documents/BFMC_Simulator/startup_workspace/DataSet/IMG/img_2021_04_20-05_47_10_PM79.jpg,-1
/home/ashraf/Documents/BFMC_Simulator/startup_workspace/DataSet/IMG/img_2021_04_20-05_47_10_PM80.jpg,-1
/home/ashraf/Documents/BFMC_Simulator/startup_workspace/DataSet/IMG/img_2021_04_20-05_47_10_PM81.jpg,-1
/home/ashraf/Documents/BFMC_Simulator/startup_workspace/DataSet/IMG/img_2021_04_20-05_47_11_PM82.jpg,-1
/home/ashraf/Documents/BFMC_Simulator/startup_workspace/DataSet/IMG/img_2021_04_20-05_47_11_PM83.jpg,-1
/home/ashraf/Documents/BFMC_Simulator/startup_workspace/DataSet/IMG/img_2021_04_20-05_47_11_PM84.jpg,-1
/home/ashraf/Documents/BFMC_Simulator/startup_workspace/DataSet/IMG/img_2021_04_20-05_47_12_PM85.jpg,-1
/home/ashraf/Documents/BFMC_Simulator/startup_workspace/DataSet/IMG/img_2021_04_20-05_47_12_PM86.jpg,-2
/home/ashraf/Documents/BFMC_Simulator/startup_workspace/DataSet/IMG/img_2021_04_20-05_47_12_PM87.jpg,-2
/home/ashraf/Documents/BFMC_Simulator/startup_workspace/DataSet/IMG/img_2021_04_20-05_47_12_PM88.jpg,-1
/home/ashraf/Documents/BFMC_Simulator/startup_workspace/DataSet/IMG/img_2021_04_20-05_47_13_PM89.jpg,-2
/home/ashraf/Documents/BFMC_Simulator/startup_workspace/DataSet/IMG/img_2021_04_20-05_47_13_PM90.jpg,-2
/home/ashraf/Documents/BFMC_Simulator/startup_workspace/DataSet/IMG/img_2021_04_20-05_47_13_PM91.jpg,-2
/home/ashraf/Documents/BFMC_Simulator/startup_workspace/DataSet/IMG/img_2021_04_20-05_47_13_PM92.jpg,-2
/home/ashraf/Documents/BFMC_Simulator/startup_workspace/DataSet/IMG/img_2021_04_20-05_47_14_PM93.jpg,-2
/home/ashraf/Documents/BFMC_Simulator/startup_workspace/DataSet/IMG/img_2021_04_20-05_47_14_PM94.jpg,-2
/home/ashraf/Documents/BFMC_Simulator/startup_workspace/DataSet/IMG/img_2021_04_20-05_47_14_PM95.jpg,-2
/home/ashraf/Documents/BFMC_Simulator/startup_workspace/DataSet/IMG/img_2021_04_20-05_47_14_PM96.jpg,-2
/home/ashraf/Documents/BFMC_Simulator/startup_workspace/DataSet/IMG/img_2021_04_20-05_47_15_PM97.jpg,-2
/home/ashraf/Documents/BFMC_Simulator/startup_workspace/DataSet/IMG/img_2021_04_20-05_47_15_PM98.jpg,-2
/home/ashraf/Documents/BFMC_Simulator/startup_workspace/DataSet/IMG/img_2021_04_20-05_47_15_PM99.jpg,-2
/home/ashraf/Documents/BFMC_Simulator/startup_workspace/DataSet/IMG/img_2021_04_20-05_47_15_PM100.jpg,-3
/home/ashraf/Documents/BFMC_Simulator/startup_workspace/DataSet/IMG/img_2021_04_20-05_47_16_PM101.jpg,-4
/home/ashraf/Documents/BFMC_Simulator/startup_workspace/DataSet/IMG/img_2021_04_20-05_47_16_PM102.jpg,-4
/home/ashraf/Documents/BFMC_Simulator/startup_workspace/DataSet/IMG/img_2021_04_20-05_47_16_PM103.jpg,-3
/home/ashraf/Documents/BFMC_Simulator/startup_workspace/DataSet/IMG/img_2021_04_20-05_47_16_PM104.jpg,-3
/home/ashraf/Documents/BFMC_Simulator/startup_workspace/DataSet/IMG/img_2021_04_20-05_47_17_PM105.jpg,-3
/home/ashraf/Documents/BFMC_Simulator/startup_workspace/DataSet/IMG/img_2021_04_20-05_47_17_PM106.jpg,-3
/home/ashraf/Documents/BFMC_Simulator/startup_workspace/DataSet/IMG/img_2021_04_20-05_47_17_PM107.jpg,-3
/home/ashraf/Documents/BFMC_Simulator/startup_workspace/DataSet/IMG/img_2021_04_20-05_47_17_PM108.jpg,-3
/home/ashraf/Documents/BFMC_Simulator/startup_workspace/DataSet/IMG/img_2021_04_20-05_47_18_PM109.jpg,-3
/home/ashraf/Documents/BFMC_Simulator/startup_workspace/DataSet/IMG/img_2021_04_20-05_47_18_PM110.jpg,-3
/home/ashraf/Documents/BFMC_Simulator/startup_workspace/DataSet/IMG/img_2021_04_20-05_47_18_PM111.jpg,-3
/home/ashraf/Documents/BFMC_Simulator/startup_workspace/DataSet/IMG/img_2021_04_20-05_48_02_PM112.jpg,-1
/home/ashraf/Documents/BFMC_Simulator/startup_workspace/DataSet/IMG/img_2021_04_20-05_48_02_PM113.jpg,-1
/home/ashraf/Documents/BFMC_Simulator/startup_workspace/DataSet/IMG/img_2021_04_20-05_48_02_PM114.jpg,-1
/home/ashraf/Documents/BFMC_Simulator/startup_workspace/DataSet/IMG/img_2021_04_20-05_48_03_PM115.jpg,-1
/home/ashraf/Documents/BFMC_Simulator/startup_workspace/DataSet/IMG/img_2021_04_20-05_48_03_PM116.jpg,-1
/home/ashraf/Documents/BFMC_Simulator/startup_workspace/DataSet/IMG/img_2021_04_20-05_48_03_PM117.jpg,-1
/home/ashraf/Documents/BFMC_Simulator/startup_workspace/DataSet/IMG/img_2021_04_20-05_48_03_PM118.jpg,-1
/home/ashraf/Documents/BFMC_Simulator/startup_workspace/DataSet/IMG/img_2021_04_20-05_48_03_PM119.jpg,-1
/home/ashraf/Documents/BFMC_Simulator/startup_workspace/DataSet/IMG/img_2021_04_20-05_48_04_PM120.jpg,-1
/home/ashraf/Documents/BFMC_Simulator/startup_workspace/DataSet/IMG/img_2021_04_20-05_48_04_PM121.jpg,-1
/home/ashraf/Documents/BFMC_Simulator/startup_workspace/DataSet/IMG/img_2021_04_20-05_48_04_PM122.jpg,-1
/home/ashraf/Documents/BFMC_Simulator/startup_workspace/DataSet/IMG/img_2021_04_20-05_48_04_PM123.jpg,-1
/home/ashraf/Documents/BFMC_Simulator/startup_workspace/DataSet/IMG/img_2021_04_20-05_48_05_PM124.jpg,-1
/home/ashraf/Documents/BFMC_Simulator/startup_workspace/DataSet/IMG/img_2021_04_20-05_48_05_PM125.jpg,-1
/home/ashraf/Documents/BFMC_Simulator/startup_workspace/DataSet/IMG/img_2021_04_20-05_48_05_PM126.jpg,-1
/home/ashraf/Documents/BFMC_Simulator/startup_workspace/DataSet/IMG/img_2021_04_20-05_48_05_PM127.jpg,-1
/home/ashraf/Documents/BFMC_Simulator/startup_workspace/DataSet/IMG/img_2021_04_20-05_48_06_PM128.jpg,-1
/home/ashraf/Documents/BFMC_Simulator/startup_workspace/DataSet/IMG/img_2021_04_20-05_48_06_PM129.jpg,-1
/home/ashraf/Documents/BFMC_Simulator/startup_workspace/DataSet/IMG/img_2021_04_20-05_48_06_PM130.jpg,-1
/home/ashraf/Documents/BFMC_Simulator/startup_workspace/DataSet/IMG/img_2021_04_20-05_48_06_PM131.jpg,-1
/home/ashraf/Documents/BFMC_Simulator/startup_workspace/DataSet/IMG/img_2021_04_20-05_48_07_PM132.jpg,-1
/home/ashraf/Documents/BFMC_Simulator/startup_workspace/DataSet/IMG/img_2021_04_20-05_48_07_PM133.jpg,-1
/home/ashraf/Documents/BFMC_Simulator/startup_workspace/DataSet/IMG/img_2021_04_20-05_48_07_PM134.jpg,-1
/home/ashraf/Documents/BFMC_Simulator/startup_workspace/DataSet/IMG/img_2021_04_20-05_48_07_PM135.jpg,-1
/home/ashraf/Documents/BFMC_Simulator/startup_workspace/DataSet/IMG/img_2021_04_20-05_48_07_PM136.jpg,-1
/home/ashraf/Documents/BFMC_Simulator/startup_workspace/DataSet/IMG/img_2021_04_20-05_48_08_PM137.jpg,-1
/home/ashraf/Documents/BFMC_Simulator/startup_workspace/DataSet/IMG/img_2021_04_20-05_48_08_PM138.jpg,-1
/home/ashraf/Documents/BFMC_Simulator/startup_workspace/DataSet/IMG/img_2021_04_20-05_48_08_PM139.jpg,-1
/home/ashraf/Documents/BFMC_Simulator/startup_workspace/DataSet/IMG/img_2021_04_20-05_48_08_PM140.jpg,-1
/home/ashraf/Documents/BFMC_Simulator/startup_workspace/DataSet/IMG/img_2021_04_20-05_48_09_PM141.jpg,-1
/home/ashraf/Documents/BFMC_Simulator/startup_workspace/DataSet/IMG/img_2021_04_20-05_48_09_PM142.jpg,-1
/home/ashraf/Documents/BFMC_Simulator/startup_workspace/DataSet/IMG/img_2021_04_20-05_48_09_PM143.jpg,-1
/home/ashraf/Documents/BFMC_Simulator/startup_workspace/DataSet/IMG/img_2021_04_20-05_48_09_PM144.jpg,-1
/home/ashraf/Documents/BFMC_Simulator/startup_workspace/DataSet/IMG/img_2021_04_20-05_48_10_PM145.jpg,-1
/home/ashraf/Documents/BFMC_Simulator/startup_workspace/DataSet/IMG/img_2021_04_20-05_48_10_PM146.jpg,-1
/home/ashraf/Documents/BFMC_Simulator/startup_workspace/DataSet/IMG/img_2021_04_20-05_48_10_PM147.jpg,-1
/home/ashraf/Documents/BFMC_Simulator/startup_workspace/DataSet/IMG/img_2021_04_20-05_48_10_PM148.jpg,-1
/home/ashraf/Documents/BFMC_Simulator/startup_workspace/DataSet/IMG/img_2021_04_20-05_48_10_PM149.jpg,-1
/home/ashraf/Documents/BFMC_Simulator/startup_workspace/DataSet/IMG/img_2021_04_20-05_48_11_PM150.jpg,-1
/home/ashraf/Documents/BFMC_Simulator/startup_workspace/DataSet/IMG/img_2021_04_20-05_48_11_PM151.jpg,-1
/home/ashraf/Documents/BFMC_Simulator/startup_workspace/DataSet/IMG/img_2021_04_20-05_48_11_PM152.jpg,-1
/home/ashraf/Documents/BFMC_Simulator/startup_workspace/DataSet/IMG/img_2021_04_20-05_48_11_PM153.jpg,-1
/home/ashraf/Documents/BFMC_Simulator/startup_workspace/DataSet/IMG/img_2021_04_20-05_48_12_PM154.jpg,-1
/home/ashraf/Documents/BFMC_Simulator/startup_workspace/DataSet/IMG/img_2021_04_20-05_48_12_PM155.jpg,-1
/home/ashraf/Documents/BFMC_Simulator/startup_workspace/DataSet/IMG/img_2021_04_20-05_48_12_PM156.jpg,-1
/home/ashraf/Documents/BFMC_Simulator/startup_workspace/DataSet/IMG/img_2021_04_20-05_48_12_PM157.jpg,-1
/home/ashraf/Documents/BFMC_Simulator/startup_workspace/DataSet/IMG/img_2021_04_20-05_48_13_PM158.jpg,-1
/home/ashraf/Documents/BFMC_Simulator/startup_workspace/DataSet/IMG/img_2021_04_20-05_48_13_PM159.jpg,-1
/home/ashraf/Documents/BFMC_Simulator/startup_workspace/DataSet/IMG/img_2021_04_20-05_48_13_PM160.jpg,-1
/home/ashraf/Documents/BFMC_Simulator/startup_workspace/DataSet/IMG/img_2021_04_20-05_48_13_PM161.jpg,-1
/home/ashraf/Documents/BFMC_Simulator/startup_workspace/DataSet/IMG/img_2021_04_20-05_48_13_PM162.jpg,-1
/home/ashraf/Documents/BFMC_Simulator/startup_workspace/DataSet/IMG/img_2021_04_20-05_48_14_PM163.jpg,-1
/home/ashraf/Documents/BFMC_Simulator/startup_workspace/DataSet/IMG/img_2021_04_20-05_48_14_PM164.jpg,-1
/home/ashraf/Documents/BFMC_Simulator/startup_workspace/DataSet/IMG/img_2021_04_20-05_48_14_PM165.jpg,0
/home/ashraf/Documents/BFMC_Simulator/startup_workspace/DataSet/IMG/img_2021_04_20-05_48_14_PM166.jpg,1
/home/ashraf/Documents/BFMC_Simulator/startup_workspace/DataSet/IMG/img_2021_04_20-05_48_15_PM167.jpg,2
/home/ashraf/Documents/BFMC_Simulator/startup_workspace/DataSet/IMG/img_2021_04_20-05_48_15_PM168.jpg,3
/home/ashraf/Documents/BFMC_Simulator/startup_workspace/DataSet/IMG/img_2021_04_20-05_48_15_PM169.jpg,3
/home/ashraf/Documents/BFMC_Simulator/startup_workspace/DataSet/IMG/img_2021_04_20-05_48_15_PM170.jpg,3
/home/ashraf/Documents/BFMC_Simulator/startup_workspace/DataSet/IMG/img_2021_04_20-05_48_16_PM171.jpg,4
/home/ashraf/Documents/BFMC_Simulator/startup_workspace/DataSet/IMG/img_2021_04_20-05_48_16_PM172.jpg,5
/home/ashraf/Documents/BFMC_Simulator/startup_workspace/DataSet/IMG/img_2021_04_20-05_48_16_PM173.jpg,5
/home/ashraf/Documents/BFMC_Simulator/startup_workspace/DataSet/IMG/img_2021_04_20-05_48_16_PM174.jpg,5
/home/ashraf/Documents/BFMC_Simulator/startup_workspace/DataSet/IMG/img_2021_04_20-05_48_17_PM175.jpg,5
/home/ashraf/Documents/BFMC_Simulator/startup_workspace/DataSet/IMG/img_2021_04_20-05_48_17_PM176.jpg,5
/home/ashraf/Documents/BFMC_Simulator/startup_workspace/DataSet/IMG/img_2021_04_20-05_48_17_PM177.jpg,5
/home/ashraf/Documents/BFMC_Simulator/startup_workspace/DataSet/IMG/img_2021_04_20-05_48_17_PM178.jpg,4
/home/ashraf/Documents/BFMC_Simulator/startup_workspace/DataSet/IMG/img_2021_04_20-05_48_17_PM179.jpg,4
/home/ashraf/Documents/BFMC_Simulator/startup_workspace/DataSet/IMG/img_2021_04_20-05_48_18_PM180.jpg,2
/home/ashraf/Documents/BFMC_Simulator/startup_workspace/DataSet/IMG/img_2021_04_20-05_48_18_PM181.jpg,2
/home/ashraf/Documents/BFMC_Simulator/startup_workspace/DataSet/IMG/img_2021_04_20-05_48_18_PM182.jpg,2
/home/ashraf/Documents/BFMC_Simulator/startup_workspace/DataSet/IMG/img_2021_04_20-05_48_18_PM183.jpg,2
/home/ashraf/Documents/BFMC_Simulator/startup_workspace/DataSet/IMG/img_2021_04_20-05_48_19_PM184.jpg,2
/home/ashraf/Documents/BFMC_Simulator/startup_workspace/DataSet/IMG/img_2021_04_20-05_48_19_PM185.jpg,2
/home/ashraf/Documents/BFMC_Simulator/startup_workspace/DataSet/IMG/img_2021_04_20-05_48_19_PM186.jpg,2
/home/ashraf/Documents/BFMC_Simulator/startup_workspace/DataSet/IMG/img_2021_04_20-05_48_19_PM187.jpg,2
/home/ashraf/Documents/BFMC_Simulator/startup_workspace/DataSet/IMG/img_2021_04_20-05_48_20_PM188.jpg,2
/home/ashraf/Documents/BFMC_Simulator/startup_workspace/DataSet/IMG/img_2021_04_20-05_48_20_PM189.jpg,2
/home/ashraf/Documents/BFMC_Simulator/startup_workspace/DataSet/IMG/img_2021_04_20-05_48_20_PM190.jpg,1
/home/ashraf/Documents/BFMC_Simulator/startup_workspace/DataSet/IMG/img_2021_04_20-05_48_20_PM191.jpg,0
/home/ashraf/Documents/BFMC_Simulator/startup_workspace/DataSet/IMG/img_2021_04_20-05_48_21_PM192.jpg,0
/home/ashraf/Documents/BFMC_Simulator/startup_workspace/DataSet/IMG/img_2021_04_20-05_48_21_PM193.jpg,0
/home/ashraf/Documents/BFMC_Simulator/startup_workspace/DataSet/IMG/img_2021_04_20-05_48_21_PM194.jpg,0
/home/ashraf/Documents/BFMC_Simulator/startup_workspace/DataSet/IMG/img_2021_04_20-05_48_21_PM195.jpg,-1
/home/ashraf/Documents/BFMC_Simulator/startup_workspace/DataSet/IMG/img_2021_04_20-05_48_22_PM196.jpg,-2
/home/ashraf/Documents/BFMC_Simulator/startup_workspace/DataSet/IMG/img_2021_04_20-05_48_22_PM197.jpg,-2
/home/ashraf/Documents/BFMC_Simulator/startup_workspace/DataSet/IMG/img_2021_04_20-05_48_22_PM198.jpg,-2
/home/ashraf/Documents/BFMC_Simulator/startup_workspace/DataSet/IMG/img_2021_04_20-05_48_22_PM199.jpg,-2
/home/ashraf/Documents/BFMC_Simulator/startup_workspace/DataSet/IMG/img_2021_04_20-05_48_22_PM200.jpg,-1
/home/ashraf/Documents/BFMC_Simulator/startup_workspace/DataSet/IMG/img_2021_04_20-05_48_23_PM201.jpg,-1
/home/ashraf/Documents/BFMC_Simulator/startup_workspace/DataSet/IMG/img_2021_04_20-05_48_23_PM202.jpg,-1
/home/ashraf/Documents/BFMC_Simulator/startup_workspace/DataSet/IMG/img_2021_04_20-05_48_23_PM203.jpg,-1
/home/ashraf/Documents/BFMC_Simulator/startup_workspace/DataSet/IMG/img_2021_04_20-05_48_23_PM204.jpg,-2
/home/ashraf/Documents/BFMC_Simulator/startup_workspace/DataSet/IMG/img_2021_04_20-05_48_24_PM205.jpg,-3
/home/ashraf/Documents/BFMC_Simulator/startup_workspace/DataSet/IMG/img_2021_04_20-05_48_24_PM206.jpg,-3
/home/ashraf/Documents/BFMC_Simulator/startup_workspace/DataSet/IMG/img_2021_04_20-05_48_24_PM207.jpg,-3
/home/ashraf/Documents/BFMC_Simulator/startup_workspace/DataSet/IMG/img_2021_04_20-05_48_24_PM208.jpg,-3
/home/ashraf/Documents/BFMC_Simulator/startup_workspace/DataSet/IMG/img_2021_04_20-05_48_25_PM209.jpg,-3
/home/ashraf/Documents/BFMC_Simulator/startup_workspace/DataSet/IMG/img_2021_04_20-05_48_25_PM210.jpg,-3
/home/ashraf/Documents/BFMC_Simulator/startup_workspace/DataSet/IMG/img_2021_04_20-05_48_25_PM211.jpg,-2
/home/ashraf/Documents/BFMC_Simulator/startup_workspace/DataSet/IMG/img_2021_04_20-05_48_25_PM212.jpg,-1
/home/ashraf/Documents/BFMC_Simulator/startup_workspace/DataSet/IMG/img_2021_04_20-05_48_25_PM213.jpg,-1
/home/ashraf/Documents/BFMC_Simulator/startup_workspace/DataSet/IMG/img_2021_04_20-05_48_26_PM214.jpg,-1
/home/ashraf/Documents/BFMC_Simulator/startup_workspace/DataSet/IMG/img_2021_04_20-05_48_26_PM215.jpg,-1
/home/ashraf/Documents/BFMC_Simulator/startup_workspace/DataSet/IMG/img_2021_04_20-05_48_26_PM216.jpg,-1
/home/ashraf/Documents/BFMC_Simulator/startup_workspace/DataSet/IMG/img_2021_04_20-05_48_26_PM217.jpg,-1
/home/ashraf/Documents/BFMC_Simulator/startup_workspace/DataSet/IMG/img_2021_04_20-05_48_27_PM218.jpg,-1
/home/ashraf/Documents/BFMC_Simulator/startup_workspace/DataSet/IMG/img_2021_04_20-05_48_27_PM219.jpg,-1
/home/ashraf/Documents/BFMC_Simulator/startup_workspace/DataSet/IMG/img_2021_04_20-05_48_27_PM220.jpg,-1
/home/ashraf/Documents/BFMC_Simulator/startup_workspace/DataSet/IMG/img_2021_04_20-05_48_27_PM221.jpg,-1
/home/ashraf/Documents/BFMC_Simulator/startup_workspace/DataSet/IMG/img_2021_04_20-05_48_28_PM222.jpg,-1
/home/ashraf/Documents/BFMC_Simulator/startup_workspace/DataSet/IMG/img_2021_04_20-05_48_28_PM223.jpg,-2
/home/ashraf/Documents/BFMC_Simulator/startup_workspace/DataSet/IMG/img_2021_04_20-05_48_28_PM224.jpg,-2
/home/ashraf/Documents/BFMC_Simulator/startup_workspace/DataSet/IMG/img_2021_04_20-05_48_28_PM225.jpg,-2
/home/ashraf/Documents/BFMC_Simulator/startup_workspace/DataSet/IMG/img_2021_04_20-05_48_29_PM226.jpg,-1
/home/ashraf/Documents/BFMC_Simulator/startup_workspace/DataSet/IMG/img_2021_04_20-05_48_29_PM227.jpg,-1
/home/ashraf/Documents/BFMC_Simulator/startup_workspace/DataSet/IMG/img_2021_04_20-05_48_29_PM228.jpg,-1
/home/ashraf/Documents/BFMC_Simulator/startup_workspace/DataSet/IMG/img_2021_04_20-05_48_29_PM229.jpg,-1
/home/ashraf/Documents/BFMC_Simulator/startup_workspace/DataSet/IMG/img_2021_04_20-05_48_29_PM230.jpg,-2
/home/ashraf/Documents/BFMC_Simulator/startup_workspace/DataSet/IMG/img_2021_04_20-05_48_30_PM231.jpg,-3
/home/ashraf/Documents/BFMC_Simulator/startup_workspace/DataSet/IMG/img_2021_04_20-05_48_30_PM232.jpg,-3
/home/ashraf/Documents/BFMC_Simulator/startup_workspace/DataSet/IMG/img_2021_04_20-05_48_30_PM233.jpg,-3
/home/ashraf/Documents/BFMC_Simulator/startup_workspace/DataSet/IMG/img_2021_04_20-05_48_30_PM234.jpg,-2
/home/ashraf/Documents/BFMC_Simulator/startup_workspace/DataSet/IMG/img_2021_04_20-05_48_31_PM235.jpg,-2
/home/ashraf/Documents/BFMC_Simulator/startup_workspace/DataSet/IMG/img_2021_04_20-05_48_31_PM236.jpg,-2
/home/ashraf/Documents/BFMC_Simulator/startup_workspace/DataSet/IMG/img_2021_04_20-05_48_31_PM237.jpg,-2
/home/ashraf/Documents/BFMC_Simulator/startup_workspace/DataSet/IMG/img_2021_04_20-05_48_31_PM238.jpg,-3
/home/ashraf/Documents/BFMC_Simulator/startup_workspace/DataSet/IMG/img_2021_04_20-05_48_32_PM239.jpg,-3
/home/ashraf/Documents/BFMC_Simulator/startup_workspace/DataSet/IMG/img_2021_04_20-05_48_32_PM240.jpg,-4
/home/ashraf/Documents/BFMC_Simulator/startup_workspace/DataSet/IMG/img_2021_04_20-05_48_32_PM241.jpg,-3
/home/ashraf/Documents/BFMC_Simulator/startup_workspace/DataSet/IMG/img_2021_04_20-05_48_32_PM242.jpg,-3
/home/ashraf/Documents/BFMC_Simulator/startup_workspace/DataSet/IMG/img_2021_04_20-05_48_33_PM243.jpg,-3
/home/ashraf/Documents/BFMC_Simulator/startup_workspace/DataSet/IMG/img_2021_04_20-05_48_33_PM244.jpg,-3
/home/ashraf/Documents/BFMC_Simulator/startup_workspace/DataSet/IMG/img_2021_04_20-05_48_33_PM245.jpg,-4
/home/ashraf/Documents/BFMC_Simulator/startup_workspace/DataSet/IMG/img_2021_04_20-05_48_33_PM246.jpg,-5
/home/ashraf/Documents/BFMC_Simulator/startup_workspace/DataSet/IMG/img_2021_04_20-05_48_34_PM247.jpg,-4
/home/ashraf/Documents/BFMC_Simulator/startup_workspace/DataSet/IMG/img_2021_04_20-05_48_34_PM248.jpg,-4
/home/ashraf/Documents/BFMC_Simulator/startup_workspace/DataSet/IMG/img_2021_04_20-06_00_08_PM249.jpg,0
/home/ashraf/Documents/BFMC_Simulator/startup_workspace/DataSet/IMG/img_2021_04_20-06_00_08_PM250.jpg,0
/home/ashraf/Documents/BFMC_Simulator/startup_workspace/DataSet/IMG/img_2021_04_20-06_00_08_PM251.jpg,0
/home/ashraf/Documents/BFMC_Simulator/startup_workspace/DataSet/IMG/img_2021_04_20-06_00_08_PM252.jpg,1
/home/ashraf/Documents/BFMC_Simulator/startup_workspace/DataSet/IMG/img_2021_04_20-06_00_09_PM253.jpg,2
/home/ashraf/Documents/BFMC_Simulator/startup_workspace/DataSet/IMG/img_2021_04_20-06_00_09_PM254.jpg,3
/home/ashraf/Documents/BFMC_Simulator/startup_workspace/DataSet/IMG/img_2021_04_20-06_00_09_PM255.jpg,4
/home/ashraf/Documents/BFMC_Simulator/startup_workspace/DataSet/IMG/img_2021_04_20-06_00_09_PM256.jpg,5
/home/ashraf/Documents/BFMC_Simulator/startup_workspace/DataSet/IMG/img_2021_04_20-06_00_09_PM257.jpg,6
/home/ashraf/Documents/BFMC_Simulator/startup_workspace/DataSet/IMG/img_2021_04_20-06_00_10_PM258.jpg,7
/home/ashraf/Documents/BFMC_Simulator/startup_workspace/DataSet/IMG/img_2021_04_20-06_00_10_PM259.jpg,7
/home/ashraf/Documents/BFMC_Simulator/startup_workspace/DataSet/IMG/img_2021_04_20-06_00_10_PM260.jpg,7
/home/ashraf/Documents/BFMC_Simulator/startup_workspace/DataSet/IMG/img_2021_04_20-06_00_10_PM261.jpg,7
/home/ashraf/Documents/BFMC_Simulator/startup_workspace/DataSet/IMG/img_2021_04_20-06_00_10_PM262.jpg,7
/home/ashraf/Documents/BFMC_Simulator/startup_workspace/DataSet/IMG/img_2021_04_20-06_00_11_PM263.jpg,7
/home/ashraf/Documents/BFMC_Simulator/startup_workspace/DataSet/IMG/img_2021_04_20-06_00_11_PM264.jpg,7
/home/ashraf/Documents/BFMC_Simulator/startup_workspace/DataSet/IMG/img_2021_04_20-06_00_11_PM265.jpg,7
/home/ashraf/Documents/BFMC_Simulator/startup_workspace/DataSet/IMG/img_2021_04_20-06_00_11_PM266.jpg,7
/home/ashraf/Documents/BFMC_Simulator/startup_workspace/DataSet/IMG/img_2021_04_20-06_00_11_PM267.jpg,7
/home/ashraf/Documents/BFMC_Simulator/startup_workspace/DataSet/IMG/img_2021_04_20-06_00_12_PM268.jpg,7
/home/ashraf/Documents/BFMC_Simulator/startup_workspace/DataSet/IMG/img_2021_04_20-06_00_12_PM269.jpg,7
/home/ashraf/Documents/BFMC_Simulator/startup_workspace/DataSet/IMG/img_2021_04_20-06_00_12_PM270.jpg,7
/home/ashraf/Documents/BFMC_Simulator/startup_workspace/DataSet/IMG/img_2021_04_20-06_00_12_PM271.jpg,7
/home/ashraf/Documents/BFMC_Simulator/startup_workspace/DataSet/IMG/img_2021_04_20-06_00_12_PM272.jpg,6
/home/ashraf/Documents/BFMC_Simulator/startup_workspace/DataSet/IMG/img_2021_04_20-06_00_12_PM273.jpg,6
/home/ashraf/Documents/BFMC_Simulator/startup_workspace/DataSet/IMG/img_2021_04_20-06_00_13_PM274.jpg,5
/home/ashraf/Documents/BFMC_Simulator/startup_workspace/DataSet/IMG/img_2021_04_20-06_00_13_PM275.jpg,4
/home/ashraf/Documents/BFMC_Simulator/startup_workspace/DataSet/IMG/img_2021_04_20-06_00_13_PM276.jpg,3
/home/ashraf/Documents/BFMC_Simulator/startup_workspace/DataSet/IMG/img_2021_04_20-06_00_13_PM277.jpg,2
/home/ashraf/Documents/BFMC_Simulator/startup_workspace/DataSet/IMG/img_2021_04_20-06_00_13_PM278.jpg,1
/home/ashraf/Documents/BFMC_Simulator/startup_workspace/DataSet/IMG/img_2021_04_20-06_00_14_PM279.jpg,0
/home/ashraf/Documents/BFMC_Simulator/startup_workspace/DataSet/IMG/img_2021_04_20-06_00_14_PM280.jpg,0
/home/ashraf/Documents/BFMC_Simulator/startup_workspace/DataSet/IMG/img_2021_04_20-06_00_14_PM281.jpg,0
/home/ashraf/Documents/BFMC_Simulator/startup_workspace/DataSet/IMG/img_2021_04_20-06_00_14_PM282.jpg,0
/home/ashraf/Documents/BFMC_Simulator/startup_workspace/DataSet/IMG/img_2021_04_20-06_00_14_PM283.jpg,-1
/home/ashraf/Documents/BFMC_Simulator/startup_workspace/DataSet/IMG/img_2021_04_20-06_00_15_PM284.jpg,-1
/home/ashraf/Documents/BFMC_Simulator/startup_workspace/DataSet/IMG/img_2021_04_20-06_00_15_PM285.jpg,-1
/home/ashraf/Documents/BFMC_Simulator/startup_workspace/DataSet/IMG/img_2021_04_20-06_00_15_PM286.jpg,-1
/home/ashraf/Documents/BFMC_Simulator/startup_workspace/DataSet/IMG/img_2021_04_20-06_00_15_PM287.jpg,-1
/home/ashraf/Documents/BFMC_Simulator/startup_workspace/DataSet/IMG/img_2021_04_20-06_00_15_PM288.jpg,-1
/home/ashraf/Documents/BFMC_Simulator/startup_workspace/DataSet/IMG/img_2021_04_20-06_00_16_PM289.jpg,-1
/home/ashraf/Documents/BFMC_Simulator/startup_workspace/DataSet/IMG/img_2021_04_20-06_00_16_PM290.jpg,-1
/home/ashraf/Documents/BFMC_Simulator/startup_workspace/DataSet/IMG/img_2021_04_20-06_00_16_PM291.jpg,-1
/home/ashraf/Documents/BFMC_Simulator/startup_workspace/DataSet/IMG/img_2021_04_20-06_00_16_PM292.jpg,-1
/home/ashraf/Documents/BFMC_Simulator/startup_workspace/DataSet/IMG/img_2021_04_20-06_00_16_PM293.jpg,-2
/home/ashraf/Documents/BFMC_Simulator/startup_workspace/DataSet/IMG/img_2021_04_20-06_00_17_PM294.jpg,-3
/home/ashraf/Documents/BFMC_Simulator/startup_workspace/DataSet/IMG/img_2021_04_20-06_00_17_PM295.jpg,-3
/home/ashraf/Documents/BFMC_Simulator/startup_workspace/DataSet/IMG/img_2021_04_20-06_00_17_PM296.jpg,-3
/home/ashraf/Documents/BFMC_Simulator/startup_workspace/DataSet/IMG/img_2021_04_20-06_00_17_PM297.jpg,-2
/home/ashraf/Documents/BFMC_Simulator/startup_workspace/DataSet/IMG/img_2021_04_20-06_00_17_PM298.jpg,-2
/home/ashraf/Documents/BFMC_Simulator/startup_workspace/DataSet/IMG/img_2021_04_20-06_00_18_PM299.jpg,-2
/home/ashraf/Documents/BFMC_Simulator/startup_workspace/DataSet/IMG/img_2021_04_20-06_00_18_PM300.jpg,-2
/home/ashraf/Documents/BFMC_Simulator/startup_workspace/DataSet/IMG/img_2021_04_20-06_00_18_PM301.jpg,-2
/home/ashraf/Documents/BFMC_Simulator/startup_workspace/DataSet/IMG/img_2021_04_20-06_00_18_PM302.jpg,-2
/home/ashraf/Documents/BFMC_Simulator/startup_workspace/DataSet/IMG/img_2021_04_20-06_00_18_PM303.jpg,-2
/home/ashraf/Documents/BFMC_Simulator/startup_workspace/DataSet/IMG/img_2021_04_20-06_00_18_PM304.jpg,-2
/home/ashraf/Documents/BFMC_Simulator/startup_workspace/DataSet/IMG/img_2021_04_20-06_00_19_PM305.jpg,-2
/home/ashraf/Documents/BFMC_Simulator/startup_workspace/DataSet/IMG/img_2021_04_20-06_00_19_PM306.jpg,-2
/home/ashraf/Documents/BFMC_Simulator/startup_workspace/DataSet/IMG/img_2021_04_20-06_00_19_PM307.jpg,-2
/home/ashraf/Documents/BFMC_Simulator/startup_workspace/DataSet/IMG/img_2021_04_20-06_00_19_PM308.jpg,-2
/home/ashraf/Documents/BFMC_Simulator/startup_workspace/DataSet/IMG/img_2021_04_20-06_00_19_PM309.jpg,-2
/home/ashraf/Documents/BFMC_Simulator/startup_workspace/DataSet/IMG/img_2021_04_20-06_00_20_PM310.jpg,-2
/home/ashraf/Documents/BFMC_Simulator/startup_workspace/DataSet/IMG/img_2021_04_20-06_00_20_PM311.jpg,-2
/home/ashraf/Documents/BFMC_Simulator/startup_workspace/DataSet/IMG/img_2021_04_20-06_00_20_PM312.jpg,-2
/home/ashraf/Documents/BFMC_Simulator/startup_workspace/DataSet/IMG/img_2021_04_20-06_00_20_PM313.jpg,-2
/home/ashraf/Documents/BFMC_Simulator/startup_workspace/DataSet/IMG/img_2021_04_20-06_00_20_PM314.jpg,-2
/home/ashraf/Documents/BFMC_Simulator/startup_workspace/DataSet/IMG/img_2021_04_20-06_00_21_PM315.jpg,-2
/home/ashraf/Documents/BFMC_Simulator/startup_workspace/DataSet/IMG/img_2021_04_20-06_00_21_PM316.jpg,-2
/home/ashraf/Documents/BFMC_Simulator/startup_workspace/DataSet/IMG/img_2021_04_20-06_00_21_PM317.jpg,-2
/home/ashraf/Documents/BFMC_Simulator/startup_workspace/DataSet/IMG/img_2021_04_20-06_00_21_PM318.jpg,-2
/home/ashraf/Documents/BFMC_Simulator/startup_workspace/DataSet/IMG/img_2021_04_20-06_00_21_PM319.jpg,-2
/home/ashraf/Documents/BFMC_Simulator/startup_workspace/DataSet/IMG/img_2021_04_20-06_00_21_PM320.jpg,-2
/home/ashraf/Documents/BFMC_Simulator/startup_workspace/DataSet/IMG/img_2021_04_20-06_00_22_PM321.jpg,-2
/home/ashraf/Documents/BFMC_Simulator/startup_workspace/DataSet/IMG/img_2021_04_20-06_00_22_PM322.jpg,-2
/home/ashraf/Documents/BFMC_Simulator/startup_workspace/DataSet/IMG/img_2021_04_20-06_00_22_PM323.jpg,-2
/home/ashraf/Documents/BFMC_Simulator/startup_workspace/DataSet/IMG/img_2021_04_20-06_00_22_PM324.jpg,-2
/home/ashraf/Documents/BFMC_Simulator/startup_workspace/DataSet/IMG/img_2021_04_20-06_00_22_PM325.jpg,-2
/home/ashraf/Documents/BFMC_Simulator/startup_workspace/DataSet/IMG/img_2021_04_20-06_00_23_PM326.jpg,-2
/home/ashraf/Documents/BFMC_Simulator/startup_workspace/DataSet/IMG/img_2021_04_20-06_00_23_PM327.jpg,-3
/home/ashraf/Documents/BFMC_Simulator/startup_workspace/DataSet/IMG/img_2021_04_20-06_00_23_PM328.jpg,-4
/home/ashraf/Documents/BFMC_Simulator/startup_workspace/DataSet/IMG/img_2021_04_20-06_00_23_PM329.jpg,-4
/home/ashraf/Documents/BFMC_Simulator/startup_workspace/DataSet/IMG/img_2021_04_20-06_00_23_PM330.jpg,-3
/home/ashraf/Documents/BFMC_Simulator/startup_workspace/DataSet/IMG/img_2021_04_20-06_00_24_PM331.jpg,-3
/home/ashraf/Documents/BFMC_Simulator/startup_workspace/DataSet/IMG/img_2021_04_20-06_00_24_PM332.jpg,-3
/home/ashraf/Documents/BFMC_Simulator/startup_workspace/DataSet/IMG/img_2021_04_20-06_04_03_PM0.jpg,-3
/home/ashraf/Documents/BFMC_Simulator/startup_workspace/DataSet/IMG/img_2021_04_20-06_04_03_PM1.jpg,-3
/home/ashraf/Documents/BFMC_Simulator/startup_workspace/DataSet/IMG/img_2021_04_20-06_04_03_PM2.jpg,-3
/home/ashraf/Documents/BFMC_Simulator/startup_workspace/DataSet/IMG/img_2021_04_20-06_04_04_PM3.jpg,-3
/home/ashraf/Documents/BFMC_Simulator/startup_workspace/DataSet/IMG/img_2021_04_20-06_04_04_PM4.jpg,-3
/home/ashraf/Documents/BFMC_Simulator/startup_workspace/DataSet/IMG/img_2021_04_20-06_04_04_PM5.jpg,-2
/home/ashraf/Documents/BFMC_Simulator/startup_workspace/DataSet/IMG/img_2021_04_20-06_04_04_PM6.jpg,0
/home/ashraf/Documents/BFMC_Simulator/startup_workspace/DataSet/IMG/img_2021_04_20-06_04_05_PM7.jpg,1
/home/ashraf/Documents/BFMC_Simulator/startup_workspace/DataSet/IMG/img_2021_04_20-06_04_05_PM8.jpg,1
/home/ashraf/Documents/BFMC_Simulator/startup_workspace/DataSet/IMG/img_2021_04_20-06_04_05_PM9.jpg,1
/home/ashraf/Documents/BFMC_Simulator/startup_workspace/DataSet/IMG/img_2021_04_20-06_04_05_PM10.jpg,2
/home/ashraf/Documents/BFMC_Simulator/startup_workspace/DataSet/IMG/img_2021_04_20-06_04_06_PM11.jpg,2
/home/ashraf/Documents/BFMC_Simulator/startup_workspace/DataSet/IMG/img_2021_04_20-06_04_06_PM12.jpg,2
/home/ashraf/Documents/BFMC_Simulator/startup_workspace/DataSet/IMG/img_2021_04_20-06_04_06_PM13.jpg,2
/home/ashraf/Documents/BFMC_Simulator/startup_workspace/DataSet/IMG/img_2021_04_20-06_04_06_PM14.jpg,2
/home/ashraf/Documents/BFMC_Simulator/startup_workspace/DataSet/IMG/img_2021_04_20-06_04_07_PM15.jpg,2
/home/ashraf/Documents/BFMC_Simulator/startup_workspace/DataSet/IMG/img_2021_04_20-06_04_07_PM16.jpg,2
/home/ashraf/Documents/BFMC_Simulator/startup_workspace/DataSet/IMG/img_2021_04_20-06_04_07_PM17.jpg,2
/home/ashraf/Documents/BFMC_Simulator/startup_workspace/DataSet/IMG/img_2021_04_20-06_04_07_PM18.jpg,2
/home/ashraf/Documents/BFMC_Simulator/startup_workspace/DataSet/IMG/img_2021_04_20-06_04_08_PM19.jpg,2
/home/ashraf/Documents/BFMC_Simulator/startup_workspace/DataSet/IMG/img_2021_04_20-06_04_08_PM20.jpg,2
/home/ashraf/Documents/BFMC_Simulator/startup_workspace/DataSet/IMG/img_2021_04_20-06_04_08_PM21.jpg,2
/home/ashraf/Documents/BFMC_Simulator/startup_workspace/DataSet/IMG/img_2021_04_20-06_04_09_PM22.jpg,2
/home/ashraf/Documents/BFMC_Simulator/startup_workspace/DataSet/IMG/img_2021_04_20-06_04_09_PM23.jpg,2
/home/ashraf/Documents/BFMC_Simulator/startup_workspace/DataSet/IMG/img_2021_04_20-06_04_09_PM24.jpg,2
/home/ashraf/Documents/BFMC_Simulator/startup_workspace/DataSet/IMG/img_2021_04_20-06_04_09_PM25.jpg,2
/home/ashraf/Documents/BFMC_Simulator/startup_workspace/DataSet/IMG/img_2021_04_20-06_04_10_PM26.jpg,2
/home/ashraf/Documents/BFMC_Simulator/startup_workspace/DataSet/IMG/img_2021_04_20-06_04_10_PM27.jpg,2
/home/ashraf/Documents/BFMC_Simulator/startup_workspace/DataSet/IMG/img_2021_04_20-06_04_10_PM28.jpg,2
/home/ashraf/Documents/BFMC_Simulator/startup_workspace/DataSet/IMG/img_2021_04_20-06_04_10_PM29.jpg,2
/home/ashraf/Documents/BFMC_Simulator/startup_workspace/DataSet/IMG/img_2021_04_20-06_04_11_PM30.jpg,2
/home/ashraf/Documents/BFMC_Simulator/startup_workspace/DataSet/IMG/img_2021_04_20-06_04_11_PM31.jpg,3
/home/ashraf/Documents/BFMC_Simulator/startup_workspace/DataSet/IMG/img_2021_04_20-06_04_11_PM32.jpg,3
/home/ashraf/Documents/BFMC_Simulator/startup_workspace/DataSet/IMG/img_2021_04_20-06_04_11_PM33.jpg,3
/home/ashraf/Documents/BFMC_Simulator/startup_workspace/DataSet/IMG/img_2021_04_20-06_04_12_PM34.jpg,3
/home/ashraf/Documents/BFMC_Simulator/startup_workspace/DataSet/IMG/img_2021_04_20-06_04_12_PM35.jpg,3
/home/ashraf/Documents/BFMC_Simulator/startup_workspace/DataSet/IMG/img_2021_04_20-06_04_12_PM36.jpg,3
/home/ashraf/Documents/BFMC_Simulator/startup_workspace/DataSet/IMG/img_2021_04_20-06_04_13_PM37.jpg,3
/home/ashraf/Documents/BFMC_Simulator/startup_workspace/DataSet/IMG/img_2021_04_20-06_04_13_PM38.jpg,3
/home/ashraf/Documents/BFMC_Simulator/startup_workspace/DataSet/IMG/img_2021_04_20-06_04_13_PM39.jpg,3
/home/ashraf/Documents/BFMC_Simulator/startup_workspace/DataSet/IMG/img_2021_04_20-06_04_13_PM40.jpg,3
/home/ashraf/Documents/BFMC_Simulator/startup_workspace/DataSet/IMG/img_2021_04_20-06_04_14_PM41.jpg,3
/home/ashraf/Documents/BFMC_Simulator/startup_workspace/DataSet/IMG/img_2021_04_20-06_04_14_PM42.jpg,3
/home/ashraf/Documents/BFMC_Simulator/startup_workspace/DataSet/IMG/img_2021_04_20-06_04_14_PM43.jpg,2
/home/ashraf/Documents/BFMC_Simulator/startup_workspace/DataSet/IMG/img_2021_04_20-06_04_14_PM44.jpg,2
/home/ashraf/Documents/BFMC_Simulator/startup_workspace/DataSet/IMG/img_2021_04_20-06_04_15_PM45.jpg,2
/home/ashraf/Documents/BFMC_Simulator/startup_workspace/DataSet/IMG/img_2021_04_20-06_04_15_PM46.jpg,2
/home/ashraf/Documents/BFMC_Simulator/startup_workspace/DataSet/IMG/img_2021_04_20-06_04_15_PM47.jpg,2
/home/ashraf/Documents/BFMC_Simulator/startup_workspace/DataSet/IMG/img_2021_04_20-06_04_15_PM48.jpg,2
/home/ashraf/Documents/BFMC_Simulator/startup_workspace/DataSet/IMG/img_2021_04_20-06_04_15_PM49.jpg,2
/home/ashraf/Documents/BFMC_Simulator/startup_workspace/DataSet/IMG/img_2021_04_20-06_04_16_PM50.jpg,2
/home/ashraf/Documents/BFMC_Simulator/startup_workspace/DataSet/IMG/img_2021_04_20-06_04_16_PM51.jpg,2
/home/ashraf/Documents/BFMC_Simulator/startup_workspace/DataSet/IMG/img_2021_04_20-06_04_16_PM52.jpg,2
/home/ashraf/Documents/BFMC_Simulator/startup_workspace/DataSet/IMG/img_2021_04_20-06_04_16_PM53.jpg,2
/home/ashraf/Documents/BFMC_Simulator/startup_workspace/DataSet/IMG/img_2021_04_20-06_04_17_PM54.jpg,2
/home/ashraf/Documents/BFMC_Simulator/startup_workspace/DataSet/IMG/img_2021_04_20-06_04_17_PM55.jpg,2
/home/ashraf/Documents/BFMC_Simulator/startup_workspace/DataSet/IMG/img_2021_04_20-06_04_17_PM56.jpg,2
/home/ashraf/Documents/BFMC_Simulator/startup_workspace/DataSet/IMG/img_2021_04_20-06_04_17_PM57.jpg,2
/home/ashraf/Documents/BFMC_Simulator/startup_workspace/DataSet/IMG/img_2021_04_20-06_04_18_PM58.jpg,2
/home/ashraf/Documents/BFMC_Simulator/startup_workspace/DataSet/IMG/img_2021_04_20-06_04_18_PM59.jpg,2
/home/ashraf/Documents/BFMC_Simulator/startup_workspace/DataSet/IMG/img_2021_04_20-06_04_18_PM60.jpg,2
/home/ashraf/Documents/BFMC_Simulator/startup_workspace/DataSet/IMG/img_2021_04_20-06_04_18_PM61.jpg,2
/home/ashraf/Documents/BFMC_Simulator/startup_workspace/DataSet/IMG/img_2021_04_20-06_04_19_PM62.jpg,2
/home/ashraf/Documents/BFMC_Simulator/startup_workspace/DataSet/IMG/img_2021_04_20-06_04_19_PM63.jpg,1
/home/ashraf/Documents/BFMC_Simulator/startup_workspace/DataSet/IMG/img_2021_04_20-06_04_19_PM64.jpg,0
/home/ashraf/Documents/BFMC_Simulator/startup_workspace/DataSet/IMG/img_2021_04_20-06_04_19_PM65.jpg,-1
/home/ashraf/Documents/BFMC_Simulator/startup_workspace/DataSet/IMG/img_2021_04_20-06_04_19_PM66.jpg,-1
/home/ashraf/Documents/BFMC_Simulator/startup_workspace/DataSet/IMG/img_2021_04_20-06_04_20_PM67.jpg,-1
/home/ashraf/Documents/BFMC_Simulator/startup_workspace/DataSet/IMG/img_2021_04_20-06_04_20_PM68.jpg,-1
/home/ashraf/Documents/BFMC_Simulator/startup_workspace/DataSet/IMG/img_2021_04_20-06_04_20_PM69.jpg,-1
/home/ashraf/Documents/BFMC_Simulator/startup_workspace/DataSet/IMG/img_2021_04_20-06_04_20_PM70.jpg,-1
/home/ashraf/Documents/BFMC_Simulator/startup_workspace/DataSet/IMG/img_2021_04_20-06_04_21_PM71.jpg,-1
/home/ashraf/Documents/BFMC_Simulator/startup_workspace/DataSet/IMG/img_2021_04_20-06_04_21_PM72.jpg,-3
/home/ashraf/Documents/BFMC_Simulator/startup_workspace/DataSet/IMG/img_2021_04_20-06_04_21_PM73.jpg,-4
/home/ashraf/Documents/BFMC_Simulator/startup_workspace/DataSet/IMG/img_2021_04_20-06_04_21_PM74.jpg,-4
/home/ashraf/Documents/BFMC_Simulator/startup_workspace/DataSet/IMG/img_2021_04_20-06_04_22_PM75.jpg,-4
/home/ashraf/Documents/BFMC_Simulator/startup_workspace/DataSet/IMG/img_2021_04_20-06_04_22_PM76.jpg,-4
/home/ashraf/Documents/BFMC_Simulator/startup_workspace/DataSet/IMG/img_2021_04_20-06_04_22_PM77.jpg,-3
/home/ashraf/Documents/BFMC_Simulator/startup_workspace/DataSet/IMG/img_2021_04_20-06_04_23_PM78.jpg,-3
/home/ashraf/Documents/BFMC_Simulator/startup_workspace/DataSet/IMG/img_2021_04_20-06_04_23_PM79.jpg,-2
/home/ashraf/Documents/BFMC_Simulator/startup_workspace/DataSet/IMG/img_2021_04_20-06_04_23_PM80.jpg,-2
/home/ashraf/Documents/BFMC_Simulator/startup_workspace/DataSet/IMG/img_2021_04_20-06_04_23_PM81.jpg,-2
/home/ashraf/Documents/BFMC_Simulator/startup_workspace/DataSet/IMG/img_2021_04_20-06_04_24_PM82.jpg,-2
/home/ashraf/Documents/BFMC_Simulator/startup_workspace/DataSet/IMG/img_2021_04_20-06_04_24_PM83.jpg,-2
/home/ashraf/Documents/BFMC_Simulator/startup_workspace/DataSet/IMG/img_2021_04_20-06_04_24_PM84.jpg,-2
/home/ashraf/Documents/BFMC_Simulator/startup_workspace/DataSet/IMG/img_2021_04_20-06_04_24_PM85.jpg,-2
/home/ashraf/Documents/BFMC_Simulator/startup_workspace/DataSet/IMG/img_2021_04_20-06_04_24_PM86.jpg,-2
/home/ashraf/Documents/BFMC_Simulator/startup_workspace/DataSet/IMG/img_2021_04_20-06_04_25_PM87.jpg,-2
/home/ashraf/Documents/BFMC_Simulator/startup_workspace/DataSet/IMG/img_2021_04_20-06_04_25_PM88.jpg,-2
/home/ashraf/Documents/BFMC_Simulator/startup_workspace/DataSet/IMG/img_2021_04_20-06_04_25_PM89.jpg,-2
/home/ashraf/Documents/BFMC_Simulator/startup_workspace/DataSet/IMG/img_2021_04_20-06_04_25_PM90.jpg,-2
/home/ashraf/Documents/BFMC_Simulator/startup_workspace/DataSet/IMG/img_2021_04_20-06_04_26_PM91.jpg,-2
/home/ashraf/Documents/BFMC_Simulator/startup_workspace/DataSet/IMG/img_2021_04_20-06_04_26_PM92.jpg,-2
/home/ashraf/Documents/BFMC_Simulator/startup_workspace/DataSet/IMG/img_2021_04_20-06_04_26_PM93.jpg,-2
/home/ashraf/Documents/BFMC_Simulator/startup_workspace/DataSet/IMG/img_2021_04_20-06_04_26_PM94.jpg,-2
/home/ashraf/Documents/BFMC_Simulator/startup_workspace/DataSet/IMG/img_2021_04_20-06_04_27_PM95.jpg,-2
/home/ashraf/Documents/BFMC_Simulator/startup_workspace/DataSet/IMG/img_2021_04_20-06_04_27_PM96.jpg,-2
/home/ashraf/Documents/BFMC_Simulator/startup_workspace/DataSet/IMG/img_2021_04_20-06_04_27_PM97.jpg,-2
/home/ashraf/Documents/BFMC_Simulator/startup_workspace/DataSet/IMG/img_2021_04_20-06_04_27_PM98.jpg,-2
/home/ashraf/Documents/BFMC_Simulator/startup_workspace/DataSet/IMG/img_2021_04_20-06_04_28_PM99.jpg,-2
/home/ashraf/Documents/BFMC_Simulator/startup_workspace/DataSet/IMG/img_2021_04_20-06_04_28_PM100.jpg,-2
/home/ashraf/Documents/BFMC_Simulator/startup_workspace/DataSet/IMG/img_2021_04_20-06_04_28_PM101.jpg,-2
/home/ashraf/Documents/BFMC_Simulator/startup_workspace/DataSet/IMG/img_2021_04_20-06_04_28_PM102.jpg,-2
/home/ashraf/Documents/BFMC_Simulator/startup_workspace/DataSet/IMG/img_2021_04_20-06_04_29_PM103.jpg,-2
/home/ashraf/Documents/BFMC_Simulator/startup_workspace/DataSet/IMG/img_2021_04_20-06_04_29_PM104.jpg,-2
/home/ashraf/Documents/BFMC_Simulator/startup_workspace/DataSet/IMG/img_2021_04_20-06_04_29_PM105.jpg,-2
/home/ashraf/Documents/BFMC_Simulator/startup_workspace/DataSet/IMG/img_2021_04_20-06_04_29_PM106.jpg,-2
/home/ashraf/Documents/BFMC_Simulator/startup_workspace/DataSet/IMG/img_2021_04_20-06_04_30_PM107.jpg,-2
/home/ashraf/Documents/BFMC_Simulator/startup_workspace/DataSet/IMG/img_2021_04_20-06_04_30_PM108.jpg,-2
/home/ashraf/Documents/BFMC_Simulator/startup_workspace/DataSet/IMG/img_2021_04_20-06_04_30_PM109.jpg,-2
/home/ashraf/Documents/BFMC_Simulator/startup_workspace/DataSet/IMG/img_2021_04_20-06_04_30_PM110.jpg,-2
/home/ashraf/Documents/BFMC_Simulator/startup_workspace/DataSet/IMG/img_2021_04_20-06_04_31_PM111.jpg,-2
/home/ashraf/Documents/BFMC_Simulator/startup_workspace/DataSet/IMG/img_2021_04_20-06_04_31_PM112.jpg,-2
/home/ashraf/Documents/BFMC_Simulator/startup_workspace/DataSet/IMG/img_2021_04_20-06_04_31_PM113.jpg,-2
/home/ashraf/Documents/BFMC_Simulator/startup_workspace/DataSet/IMG/img_2021_04_20-06_04_31_PM114.jpg,-1
/home/ashraf/Documents/BFMC_Simulator/startup_workspace/DataSet/IMG/img_2021_04_20-06_04_32_PM115.jpg,-1
/home/ashraf/Documents/BFMC_Simulator/startup_workspace/DataSet/IMG/img_2021_04_20-06_04_32_PM116.jpg,-1
/home/ashraf/Documents/BFMC_Simulator/startup_workspace/DataSet/IMG/img_2021_04_20-06_04_32_PM117.jpg,-1
/home/ashraf/Documents/BFMC_Simulator/startup_workspace/DataSet/IMG/img_2021_04_20-06_04_32_PM118.jpg,-1
/home/ashraf/Documents/BFMC_Simulator/startup_workspace/DataSet/IMG/img_2021_04_20-06_04_33_PM119.jpg,-1
/home/ashraf/Documents/BFMC_Simulator/startup_workspace/DataSet/IMG/img_2021_04_20-06_04_33_PM120.jpg,-1
/home/ashraf/Documents/BFMC_Simulator/startup_workspace/DataSet/IMG/img_2021_04_20-06_04_33_PM121.jpg,-1
/home/ashraf/Documents/BFMC_Simulator/startup_workspace/DataSet/IMG/img_2021_04_20-06_04_33_PM122.jpg,-1
/home/ashraf/Documents/BFMC_Simulator/startup_workspace/DataSet/IMG/img_2021_04_20-06_04_33_PM123.jpg,0
/home/ashraf/Documents/BFMC_Simulator/startup_workspace/DataSet/IMG/img_2021_04_20-06_04_34_PM124.jpg,1
/home/ashraf/Documents/BFMC_Simulator/startup_workspace/DataSet/IMG/img_2021_04_20-06_04_34_PM125.jpg,1
/home/ashraf/Documents/BFMC_Simulator/startup_workspace/DataSet/IMG/img_2021_04_20-06_04_34_PM126.jpg,0
/home/ashraf/Documents/BFMC_Simulator/startup_workspace/DataSet/IMG/img_2021_04_20-06_04_34_PM127.jpg,0
/home/ashraf/Documents/BFMC_Simulator/startup_workspace/DataSet/IMG/img_2021_04_20-06_04_35_PM128.jpg,0
/home/ashraf/Documents/BFMC_Simulator/startup_workspace/DataSet/IMG/img_2021_04_20-06_04_35_PM129.jpg,0
/home/ashraf/Documents/BFMC_Simulator/startup_workspace/DataSet/IMG/img_2021_04_20-06_04_35_PM130.jpg,-1
/home/ashraf/Documents/BFMC_Simulator/startup_workspace/DataSet/IMG/img_2021_04_20-06_04_35_PM131.jpg,-1
/home/ashraf/Documents/BFMC_Simulator/startup_workspace/DataSet/IMG/img_2021_04_20-06_04_36_PM132.jpg,-1
/home/ashraf/Documents/BFMC_Simulator/startup_workspace/DataSet/IMG/img_2021_04_20-06_04_36_PM133.jpg,-1
/home/ashraf/Documents/BFMC_Simulator/startup_workspace/DataSet/IMG/img_2021_04_20-06_04_36_PM134.jpg,-1
/home/ashraf/Documents/BFMC_Simulator/startup_workspace/DataSet/IMG/img_2021_04_20-06_04_36_PM135.jpg,-1
/home/ashraf/Documents/BFMC_Simulator/startup_workspace/DataSet/IMG/img_2021_04_20-06_04_37_PM136.jpg,-1
/home/ashraf/Documents/BFMC_Simulator/startup_workspace/DataSet/IMG/img_2021_04_20-06_04_37_PM137.jpg,-1
/home/ashraf/Documents/BFMC_Simulator/startup_workspace/DataSet/IMG/img_2021_04_20-06_04_37_PM138.jpg,-1
/home/ashraf/Documents/BFMC_Simulator/startup_workspace/DataSet/IMG/img_2021_04_20-06_04_37_PM139.jpg,-1
/home/ashraf/Documents/BFMC_Simulator/startup_workspace/DataSet/IMG/img_2021_04_20-06_04_38_PM140.jpg,-1
/home/ashraf/Documents/BFMC_Simulator/startup_workspace/DataSet/IMG/img_2021_04_20-06_04_38_PM141.jpg,-1
/home/ashraf/Documents/BFMC_Simulator/startup_workspace/DataSet/IMG/img_2021_04_20-06_04_38_PM142.jpg,-1
/home/ashraf/Documents/BFMC_Simulator/startup_workspace/DataSet/IMG/img_2021_04_20-06_04_38_PM143.jpg,-1
/home/ashraf/Documents/BFMC_Simulator/startup_workspace/DataSet/IMG/img_2021_04_20-06_04_39_PM144.jpg,-1
/home/ashraf/Documents/BFMC_Simulator/startup_workspace/DataSet/IMG/img_2021_04_20-06_05_41_PM145.jpg,0
/home/ashraf/Documents/BFMC_Simulator/startup_workspace/DataSet/IMG/img_2021_04_20-06_05_41_PM146.jpg,0
/home/ashraf/Documents/BFMC_Simulator/startup_workspace/DataSet/IMG/img_2021_04_20-06_05_41_PM147.jpg,0
/home/ashraf/Documents/BFMC_Simulator/startup_workspace/DataSet/IMG/img_2021_04_20-06_05_41_PM148.jpg,0
/home/ashraf/Documents/BFMC_Simulator/startup_workspace/DataSet/IMG/img_2021_04_20-06_05_42_PM149.jpg,0
/home/ashraf/Documents/BFMC_Simulator/startup_workspace/DataSet/IMG/img_2021_04_20-06_05_42_PM150.jpg,0
/home/ashraf/Documents/BFMC_Simulator/startup_workspace/DataSet/IMG/img_2021_04_20-06_05_42_PM151.jpg,0
/home/ashraf/Documents/BFMC_Simulator/startup_workspace/DataSet/IMG/img_2021_04_20-06_05_42_PM152.jpg,0
/home/ashraf/Documents/BFMC_Simulator/startup_workspace/DataSet/IMG/img_2021_04_20-06_05_43_PM153.jpg,0
/home/ashraf/Documents/BFMC_Simulator/startup_workspace/DataSet/IMG/img_2021_04_20-06_05_43_PM154.jpg,0
/home/ashraf/Documents/BFMC_Simulator/startup_workspace/DataSet/IMG/img_2021_04_20-06_05_43_PM155.jpg,0
/home/ashraf/Documents/BFMC_Simulator/startup_workspace/DataSet/IMG/img_2021_04_20-06_05_43_PM156.jpg,0
/home/ashraf/Documents/BFMC_Simulator/startup_workspace/DataSet/IMG/img_2021_04_20-06_05_44_PM157.jpg,0
/home/ashraf/Documents/BFMC_Simulator/startup_workspace/DataSet/IMG/img_2021_04_20-06_05_44_PM158.jpg,0
/home/ashraf/Documents/BFMC_Simulator/startup_workspace/DataSet/IMG/img_2021_04_20-06_05_44_PM159.jpg,0
/home/ashraf/Documents/BFMC_Simulator/startup_workspace/DataSet/IMG/img_2021_04_20-06_05_44_PM160.jpg,0
/home/ashraf/Documents/BFMC_Simulator/startup_workspace/DataSet/IMG/img_2021_04_20-06_05_45_PM161.jpg,0
/home/ashraf/Documents/BFMC_Simulator/startup_workspace/DataSet/IMG/img_2021_04_20-06_05_45_PM162.jpg,0
/home/ashraf/Documents/BFMC_Simulator/startup_workspace/DataSet/IMG/img_2021_04_20-06_05_45_PM163.jpg,0
/home/ashraf/Documents/BFMC_Simulator/startup_workspace/DataSet/IMG/img_2021_04_20-06_05_45_PM164.jpg,0
/home/ashraf/Documents/BFMC_Simulator/startup_workspace/DataSet/IMG/img_2021_04_20-06_05_46_PM165.jpg,0
/home/ashraf/Documents/BFMC_Simulator/startup_workspace/DataSet/IMG/img_2021_04_20-06_05_46_PM166.jpg,0
/home/ashraf/Documents/BFMC_Simulator/startup_workspace/DataSet/IMG/img_2021_04_20-06_05_46_PM167.jpg,0
/home/ashraf/Documents/BFMC_Simulator/startup_workspace/DataSet/IMG/img_2021_04_20-06_05_46_PM168.jpg,0
/home/ashraf/Documents/BFMC_Simulator/startup_workspace/DataSet/IMG/img_2021_04_20-06_05_47_PM169.jpg,0
/home/ashraf/Documents/BFMC_Simulator/startup_workspace/DataSet/IMG/img_2021_04_20-06_05_47_PM170.jpg,0
/home/ashraf/Documents/BFMC_Simulator/startup_workspace/DataSet/IMG/img_2021_04_20-06_05_47_PM171.jpg,1
/home/ashraf/Documents/BFMC_Simulator/startup_workspace/DataSet/IMG/img_2021_04_20-06_05_47_PM172.jpg,1
/home/ashraf/Documents/BFMC_Simulator/startup_workspace/DataSet/IMG/img_2021_04_20-06_05_48_PM173.jpg,1
/home/ashraf/Documents/BFMC_Simulator/startup_workspace/DataSet/IMG/img_2021_04_20-06_05_48_PM174.jpg,2
/home/ashraf/Documents/BFMC_Simulator/startup_workspace/DataSet/IMG/img_2021_04_20-06_05_48_PM175.jpg,2
/home/ashraf/Documents/BFMC_Simulator/startup_workspace/DataSet/IMG/img_2021_04_20-06_05_48_PM176.jpg,2
/home/ashraf/Documents/BFMC_Simulator/startup_workspace/DataSet/IMG/img_2021_04_20-06_05_49_PM177.jpg,2
/home/ashraf/Documents/BFMC_Simulator/startup_workspace/DataSet/IMG/img_2021_04_20-06_05_49_PM178.jpg,3
/home/ashraf/Documents/BFMC_Simulator/startup_workspace/DataSet/IMG/img_2021_04_20-06_05_49_PM179.jpg,3
/home/ashraf/Documents/BFMC_Simulator/startup_workspace/DataSet/IMG/img_2021_04_20-06_05_49_PM180.jpg,3
/home/ashraf/Documents/BFMC_Simulator/startup_workspace/DataSet/IMG/img_2021_04_20-06_05_50_PM181.jpg,3
/home/ashraf/Documents/BFMC_Simulator/startup_workspace/DataSet/IMG/img_2021_04_20-06_05_50_PM182.jpg,3
/home/ashraf/Documents/BFMC_Simulator/startup_workspace/DataSet/IMG/img_2021_04_20-06_05_50_PM183.jpg,4
/home/ashraf/Documents/BFMC_Simulator/startup_workspace/DataSet/IMG/img_2021_04_20-06_05_50_PM184.jpg,4
/home/ashraf/Documents/BFMC_Simulator/startup_workspace/DataSet/IMG/img_2021_04_20-06_05_51_PM185.jpg,4
/home/ashraf/Documents/BFMC_Simulator/startup_workspace/DataSet/IMG/img_2021_04_20-06_05_51_PM186.jpg,4
/home/ashraf/Documents/BFMC_Simulator/startup_workspace/DataSet/IMG/img_2021_04_20-06_05_51_PM187.jpg,3
/home/ashraf/Documents/BFMC_Simulator/startup_workspace/DataSet/IMG/img_2021_04_20-06_05_51_PM188.jpg,3
/home/ashraf/Documents/BFMC_Simulator/startup_workspace/DataSet/IMG/img_2021_04_20-06_05_52_PM189.jpg,1
/home/ashraf/Documents/BFMC_Simulator/startup_workspace/DataSet/IMG/img_2021_04_20-06_05_52_PM190.jpg,0
/home/ashraf/Documents/BFMC_Simulator/startup_workspace/DataSet/IMG/img_2021_04_20-06_05_52_PM191.jpg,0
/home/ashraf/Documents/BFMC_Simulator/startup_workspace/DataSet/IMG/img_2021_04_20-06_05_53_PM192.jpg,0
/home/ashraf/Documents/BFMC_Simulator/startup_workspace/DataSet/IMG/img_2021_04_20-06_05_53_PM193.jpg,0
/home/ashraf/Documents/BFMC_Simulator/startup_workspace/DataSet/IMG/img_2021_04_20-06_05_53_PM194.jpg,0
/home/ashraf/Documents/BFMC_Simulator/startup_workspace/DataSet/IMG/img_2021_04_20-06_05_53_PM195.jpg,0
/home/ashraf/Documents/BFMC_Simulator/startup_workspace/DataSet/IMG/img_2021_04_20-06_05_54_PM196.jpg,-1
/home/ashraf/Documents/BFMC_Simulator/startup_workspace/DataSet/IMG/img_2021_04_20-06_05_54_PM197.jpg,-2
/home/ashraf/Documents/BFMC_Simulator/startup_workspace/DataSet/IMG/img_2021_04_20-06_05_54_PM198.jpg,-2
/home/ashraf/Documents/BFMC_Simulator/startup_workspace/DataSet/IMG/img_2021_04_20-06_05_54_PM199.jpg,-2
/home/ashraf/Documents/BFMC_Simulator/startup_workspace/DataSet/IMG/img_2021_04_20-06_05_55_PM200.jpg,-1
/home/ashraf/Documents/BFMC_Simulator/startup_workspace/DataSet/IMG/img_2021_04_20-06_05_55_PM201.jpg,-1
/home/ashraf/Documents/BFMC_Simulator/startup_workspace/DataSet/IMG/img_2021_04_20-06_05_55_PM202.jpg,-1
/home/ashraf/Documents/BFMC_Simulator/startup_workspace/DataSet/IMG/img_2021_04_20-06_05_55_PM203.jpg,-1
/home/ashraf/Documents/BFMC_Simulator/startup_workspace/DataSet/IMG/img_2021_04_20-06_05_56_PM204.jpg,-2
/home/ashraf/Documents/BFMC_Simulator/startup_workspace/DataSet/IMG/img_2021_04_20-06_05_56_PM205.jpg,-3
/home/ashraf/Documents/BFMC_Simulator/startup_workspace/DataSet/IMG/img_2021_04_20-06_05_56_PM206.jpg,-3
/home/ashraf/Documents/BFMC_Simulator/startup_workspace/DataSet/IMG/img_2021_04_20-06_05_57_PM207.jpg,-3
/home/ashraf/Documents/BFMC_Simulator/startup_workspace/DataSet/IMG/img_2021_04_20-06_05_57_PM208.jpg,-3
/home/ashraf/Documents/BFMC_Simulator/startup_workspace/DataSet/IMG/img_2021_04_20-06_05_57_PM209.jpg,-3
/home/ashraf/Documents/BFMC_Simulator/startup_workspace/DataSet/IMG/img_2021_04_20-06_05_57_PM210.jpg,-3
/home/ashraf/Documents/BFMC_Simulator/startup_workspace/DataSet/IMG/img_2021_04_20-06_05_58_PM211.jpg,-3
/home/ashraf/Documents/BFMC_Simulator/startup_workspace/DataSet/IMG/img_2021_04_20-06_05_58_PM212.jpg,-2
/home/ashraf/Documents/BFMC_Simulator/startup_workspace/DataSet/IMG/img_2021_04_20-06_05_58_PM213.jpg,-1
/home/ashraf/Documents/BFMC_Simulator/startup_workspace/DataSet/IMG/img_2021_04_20-06_05_58_PM214.jpg,-1
/home/ashraf/Documents/BFMC_Simulator/startup_workspace/DataSet/IMG/img_2021_04_20-06_05_59_PM215.jpg,-1
/home/ashraf/Documents/BFMC_Simulator/startup_workspace/DataSet/IMG/img_2021_04_20-06_05_59_PM216.jpg,-1
/home/ashraf/Documents/BFMC_Simulator/startup_workspace/DataSet/IMG/img_2021_04_20-06_05_59_PM217.jpg,-1
/home/ashraf/Documents/BFMC_Simulator/startup_workspace/DataSet/IMG/img_2021_04_20-06_05_59_PM218.jpg,-1
/home/ashraf/Documents/BFMC_Simulator/startup_workspace/DataSet/IMG/img_2021_04_20-06_06_00_PM219.jpg,0
/home/ashraf/Documents/BFMC_Simulator/startup_workspace/DataSet/IMG/img_2021_04_20-06_06_00_PM220.jpg,0
/home/ashraf/Documents/BFMC_Simulator/startup_workspace/DataSet/IMG/img_2021_04_20-06_06_00_PM221.jpg,0
/home/ashraf/Documents/BFMC_Simulator/startup_workspace/DataSet/IMG/img_2021_04_20-06_06_00_PM222.jpg,0
/home/ashraf/Documents/BFMC_Simulator/startup_workspace/DataSet/IMG/img_2021_04_20-06_06_01_PM223.jpg,0
/home/ashraf/Documents/BFMC_Simulator/startup_workspace/DataSet/IMG/img_2021_04_20-06_06_01_PM224.jpg,-1
/home/ashraf/Documents/BFMC_Simulator/startup_workspace/DataSet/IMG/img_2021_04_20-06_06_01_PM225.jpg,-1
/home/ashraf/Documents/BFMC_Simulator/startup_workspace/DataSet/IMG/img_2021_04_20-06_06_01_PM226.jpg,-1
/home/ashraf/Documents/BFMC_Simulator/startup_workspace/DataSet/IMG/img_2021_04_20-06_06_02_PM227.jpg,-1
/home/ashraf/Documents/BFMC_Simulator/startup_workspace/DataSet/IMG/img_2021_04_20-06_06_02_PM228.jpg,-1
/home/ashraf/Documents/BFMC_Simulator/startup_workspace/DataSet/IMG/img_2021_04_20-06_06_02_PM229.jpg,-1
/home/ashraf/Documents/BFMC_Simulator/startup_workspace/DataSet/IMG/img_2021_04_20-06_06_02_PM230.jpg,-1
/home/ashraf/Documents/BFMC_Simulator/startup_workspace/DataSet/IMG/img_2021_04_20-06_07_13_PM231.jpg,0
/home/ashraf/Documents/BFMC_Simulator/startup_workspace/DataSet/IMG/img_2021_04_20-06_07_13_PM232.jpg,0
/home/ashraf/Documents/BFMC_Simulator/startup_workspace/DataSet/IMG/img_2021_04_20-06_07_14_PM233.jpg,0
/home/ashraf/Documents/BFMC_Simulator/startup_workspace/DataSet/IMG/img_2021_04_20-06_07_14_PM234.jpg,0
/home/ashraf/Documents/BFMC_Simulator/startup_workspace/DataSet/IMG/img_2021_04_20-06_07_14_PM235.jpg,0
/home/ashraf/Documents/BFMC_Simulator/startup_workspace/DataSet/IMG/img_2021_04_20-06_07_14_PM236.jpg,0
/home/ashraf/Documents/BFMC_Simulator/startup_workspace/DataSet/IMG/img_2021_04_20-06_07_15_PM237.jpg,0
/home/ashraf/Documents/BFMC_Simulator/startup_workspace/DataSet/IMG/img_2021_04_20-06_07_15_PM238.jpg,0
/home/ashraf/Documents/BFMC_Simulator/startup_workspace/DataSet/IMG/img_2021_04_20-06_07_15_PM239.jpg,0
/home/ashraf/Documents/BFMC_Simulator/startup_workspace/DataSet/IMG/img_2021_04_20-06_07_16_PM240.jpg,-2
/home/ashraf/Documents/BFMC_Simulator/startup_workspace/DataSet/IMG/img_2021_04_20-06_07_16_PM241.jpg,-2
/home/ashraf/Documents/BFMC_Simulator/startup_workspace/DataSet/IMG/img_2021_04_20-06_07_16_PM242.jpg,-2
/home/ashraf/Documents/BFMC_Simulator/startup_workspace/DataSet/IMG/img_2021_04_20-06_07_16_PM243.jpg,-2
/home/ashraf/Documents/BFMC_Simulator/startup_workspace/DataSet/IMG/img_2021_04_20-06_07_17_PM244.jpg,-2
/home/ashraf/Documents/BFMC_Simulator/startup_workspace/DataSet/IMG/img_2021_04_20-06_07_17_PM245.jpg,-2
/home/ashraf/Documents/BFMC_Simulator/startup_workspace/DataSet/IMG/img_2021_04_20-06_07_17_PM246.jpg,-2
/home/ashraf/Documents/BFMC_Simulator/startup_workspace/DataSet/IMG/img_2021_04_20-06_07_17_PM247.jpg,-2
/home/ashraf/Documents/BFMC_Simulator/startup_workspace/DataSet/IMG/img_2021_04_20-06_07_18_PM248.jpg,-2
/home/ashraf/Documents/BFMC_Simulator/startup_workspace/DataSet/IMG/img_2021_04_20-06_07_18_PM249.jpg,-2
/home/ashraf/Documents/BFMC_Simulator/startup_workspace/DataSet/IMG/img_2021_04_20-06_07_18_PM250.jpg,-2
/home/ashraf/Documents/BFMC_Simulator/startup_workspace/DataSet/IMG/img_2021_04_20-06_07_19_PM251.jpg,-2
/home/ashraf/Documents/BFMC_Simulator/startup_workspace/DataSet/IMG/img_2021_04_20-06_07_19_PM252.jpg,-2
/home/ashraf/Documents/BFMC_Simulator/startup_workspace/DataSet/IMG/img_2021_04_20-06_07_19_PM253.jpg,-2
/home/ashraf/Documents/BFMC_Simulator/startup_workspace/DataSet/IMG/img_2021_04_20-06_07_19_PM254.jpg,-2
/home/ashraf/Documents/BFMC_Simulator/startup_workspace/DataSet/IMG/img_2021_04_20-06_07_20_PM255.jpg,-2
/home/ashraf/Documents/BFMC_Simulator/startup_workspace/DataSet/IMG/img_2021_04_20-06_07_20_PM256.jpg,-2
/home/ashraf/Documents/BFMC_Simulator/startup_workspace/DataSet/IMG/img_2021_04_20-06_07_20_PM257.jpg,-2
/home/ashraf/Documents/BFMC_Simulator/startup_workspace/DataSet/IMG/img_2021_04_20-06_07_20_PM258.jpg,-2
/home/ashraf/Documents/BFMC_Simulator/startup_workspace/DataSet/IMG/img_2021_04_20-06_07_21_PM259.jpg,-2
/home/ashraf/Documents/BFMC_Simulator/startup_workspace/DataSet/IMG/img_2021_04_20-06_07_21_PM260.jpg,-2
/home/ashraf/Documents/BFMC_Simulator/startup_workspace/DataSet/IMG/img_2021_04_20-06_07_21_PM261.jpg,-2
/home/ashraf/Documents/BFMC_Simulator/startup_workspace/DataSet/IMG/img_2021_04_20-06_07_21_PM262.jpg,-2
/home/ashraf/Documents/BFMC_Simulator/startup_workspace/DataSet/IMG/img_2021_04_20-06_07_22_PM263.jpg,-1
/home/ashraf/Documents/BFMC_Simulator/startup_workspace/DataSet/IMG/img_2021_04_20-06_07_22_PM264.jpg,0
/home/ashraf/Documents/BFMC_Simulator/startup_workspace/DataSet/IMG/img_2021_04_20-06_07_22_PM265.jpg,0
/home/ashraf/Documents/BFMC_Simulator/startup_workspace/DataSet/IMG/img_2021_04_20-06_07_22_PM266.jpg,0
/home/ashraf/Documents/BFMC_Simulator/startup_workspace/DataSet/IMG/img_2021_04_20-06_07_23_PM267.jpg,0
/home/ashraf/Documents/BFMC_Simulator/startup_workspace/DataSet/IMG/img_2021_04_20-06_07_23_PM268.jpg,0
/home/ashraf/Documents/BFMC_Simulator/startup_workspace/DataSet/IMG/img_2021_04_20-06_07_23_PM269.jpg,0
/home/ashraf/Documents/BFMC_Simulator/startup_workspace/DataSet/IMG/img_2021_04_20-06_07_23_PM270.jpg,0
/home/ashraf/Documents/BFMC_Simulator/startup_workspace/DataSet/IMG/img_2021_04_20-06_07_24_PM271.jpg,0
/home/ashraf/Documents/BFMC_Simulator/startup_workspace/DataSet/IMG/img_2021_04_20-06_07_24_PM272.jpg,0
/home/ashraf/Documents/BFMC_Simulator/startup_workspace/DataSet/IMG/img_2021_04_20-06_07_24_PM273.jpg,0
/home/ashraf/Documents/BFMC_Simulator/startup_workspace/DataSet/IMG/img_2021_04_20-06_07_24_PM274.jpg,1
/home/ashraf/Documents/BFMC_Simulator/startup_workspace/DataSet/IMG/img_2021_04_20-06_07_24_PM275.jpg,2
/home/ashraf/Documents/BFMC_Simulator/startup_workspace/DataSet/IMG/img_2021_04_20-06_07_25_PM276.jpg,2
/home/ashraf/Documents/BFMC_Simulator/startup_workspace/DataSet/IMG/img_2021_04_20-06_07_25_PM277.jpg,2
/home/ashraf/Documents/BFMC_Simulator/startup_workspace/DataSet/IMG/img_2021_04_20-06_07_25_PM278.jpg,2
/home/ashraf/Documents/BFMC_Simulator/startup_workspace/DataSet/IMG/img_2021_04_20-06_07_26_PM279.jpg,2
/home/ashraf/Documents/BFMC_Simulator/startup_workspace/DataSet/IMG/img_2021_04_20-06_07_26_PM280.jpg,2
/home/ashraf/Documents/BFMC_Simulator/startup_workspace/DataSet/IMG/img_2021_04_20-06_07_26_PM281.jpg,2
/home/ashraf/Documents/BFMC_Simulator/startup_workspace/DataSet/IMG/img_2021_04_20-06_07_26_PM282.jpg,2
/home/ashraf/Documents/BFMC_Simulator/startup_workspace/DataSet/IMG/img_2021_04_20-06_07_27_PM283.jpg,2
/home/ashraf/Documents/BFMC_Simulator/startup_workspace/DataSet/IMG/img_2021_04_20-06_07_27_PM284.jpg,2
/home/ashraf/Documents/BFMC_Simulator/startup_workspace/DataSet/IMG/img_2021_04_20-06_07_27_PM285.jpg,2
/home/ashraf/Documents/BFMC_Simulator/startup_workspace/DataSet/IMG/img_2021_04_20-06_07_27_PM286.jpg,2
/home/ashraf/Documents/BFMC_Simulator/startup_workspace/DataSet/IMG/img_2021_04_20-06_07_28_PM287.jpg,2
/home/ashraf/Documents/BFMC_Simulator/startup_workspace/DataSet/IMG/img_2021_04_20-06_07_28_PM288.jpg,2
/home/ashraf/Documents/BFMC_Simulator/startup_workspace/DataSet/IMG/img_2021_04_20-06_07_28_PM289.jpg,2
/home/ashraf/Documents/BFMC_Simulator/startup_workspace/DataSet/IMG/img_2021_04_20-06_07_28_PM290.jpg,2
/home/ashraf/Documents/BFMC_Simulator/startup_workspace/DataSet/IMG/img_2021_04_20-06_07_29_PM291.jpg,2
/home/ashraf/Documents/BFMC_Simulator/startup_workspace/DataSet/IMG/img_2021_04_20-06_07_29_PM292.jpg,2
/home/ashraf/Documents/BFMC_Simulator/startup_workspace/DataSet/IMG/img_2021_04_20-06_07_29_PM293.jpg,2
/home/ashraf/Documents/BFMC_Simulator/startup_workspace/DataSet/IMG/img_2021_04_20-06_07_29_PM294.jpg,2
/home/ashraf/Documents/BFMC_Simulator/startup_workspace/DataSet/IMG/img_2021_04_20-06_07_30_PM295.jpg,2
/home/ashraf/Documents/BFMC_Simulator/startup_workspace/DataSet/IMG/img_2021_04_20-06_07_30_PM296.jpg,2
/home/ashraf/Documents/BFMC_Simulator/startup_workspace/DataSet/IMG/img_2021_04_20-06_07_30_PM297.jpg,2
/home/ashraf/Documents/BFMC_Simulator/startup_workspace/DataSet/IMG/img_2021_04_20-06_07_30_PM298.jpg,2
/home/ashraf/Documents/BFMC_Simulator/startup_workspace/DataSet/IMG/img_2021_04_20-06_07_31_PM299.jpg,2
/home/ashraf/Documents/BFMC_Simulator/startup_workspace/DataSet/IMG/img_2021_04_20-06_07_31_PM300.jpg,2
/home/ashraf/Documents/BFMC_Simulator/startup_workspace/DataSet/IMG/img_2021_04_20-06_07_31_PM301.jpg,2
/home/ashraf/Documents/BFMC_Simulator/startup_workspace/DataSet/IMG/img_2021_04_20-06_07_31_PM302.jpg,2
/home/ashraf/Documents/BFMC_Simulator/startup_workspace/DataSet/IMG/img_2021_04_20-06_07_32_PM303.jpg,1
/home/ashraf/Documents/BFMC_Simulator/startup_workspace/DataSet/IMG/img_2021_04_20-06_07_32_PM304.jpg,1
/home/ashraf/Documents/BFMC_Simulator/startup_workspace/DataSet/IMG/img_2021_04_20-06_07_32_PM305.jpg,0
/home/ashraf/Documents/BFMC_Simulator/startup_workspace/DataSet/IMG/img_2021_04_20-06_07_32_PM306.jpg,0
/home/ashraf/Documents/BFMC_Simulator/startup_workspace/DataSet/IMG/img_2021_04_20-06_07_33_PM307.jpg,0
/home/ashraf/Documents/BFMC_Simulator/startup_workspace/DataSet/IMG/img_2021_04_20-06_07_33_PM308.jpg,0
/home/ashraf/Documents/BFMC_Simulator/startup_workspace/DataSet/IMG/img_2021_04_20-06_07_33_PM309.jpg,0
/home/ashraf/Documents/BFMC_Simulator/startup_workspace/DataSet/IMG/img_2021_04_20-06_07_33_PM310.jpg,0
/home/ashraf/Documents/BFMC_Simulator/startup_workspace/DataSet/IMG/img_2021_04_20-06_07_34_PM311.jpg,0
/home/ashraf/Documents/BFMC_Simulator/startup_workspace/DataSet/IMG/img_2021_04_20-06_07_34_PM312.jpg,0
/home/ashraf/Documents/BFMC_Simulator/startup_workspace/DataSet/IMG/img_2021_04_20-06_07_34_PM313.jpg,0
/home/ashraf/Documents/BFMC_Simulator/startup_workspace/DataSet/IMG/img_2021_04_20-06_07_34_PM314.jpg,0
/home/ashraf/Documents/BFMC_Simulator/startup_workspace/DataSet/IMG/img_2021_04_20-06_07_35_PM315.jpg,0
/home/ashraf/Documents/BFMC_Simulator/startup_workspace/DataSet/IMG/img_2021_04_20-06_07_35_PM316.jpg,0
/home/ashraf/Documents/BFMC_Simulator/startup_workspace/DataSet/IMG/img_2021_04_20-06_07_35_PM317.jpg,0
/home/ashraf/Documents/BFMC_Simulator/startup_workspace/DataSet/IMG/img_2021_04_20-06_07_35_PM318.jpg,0
/home/ashraf/Documents/BFMC_Simulator/startup_workspace/DataSet/IMG/img_2021_04_20-06_07_36_PM319.jpg,0
/home/ashraf/Documents/BFMC_Simulator/startup_workspace/DataSet/IMG/img_2021_04_20-06_07_36_PM320.jpg,0
/home/ashraf/Documents/BFMC_Simulator/startup_workspace/DataSet/IMG/img_2021_04_20-06_07_36_PM321.jpg,-1
/home/ashraf/Documents/BFMC_Simulator/startup_workspace/DataSet/IMG/img_2021_04_20-06_07_36_PM322.jpg,-1
/home/ashraf/Documents/BFMC_Simulator/startup_workspace/DataSet/IMG/img_2021_04_20-06_07_37_PM323.jpg,-1
/home/ashraf/Documents/BFMC_Simulator/startup_workspace/DataSet/IMG/img_2021_04_20-06_07_37_PM324.jpg,-1
/home/ashraf/Documents/BFMC_Simulator/startup_workspace/DataSet/IMG/img_2021_04_20-06_07_37_PM325.jpg,-1
/home/ashraf/Documents/BFMC_Simulator/startup_workspace/DataSet/IMG/img_2021_04_20-06_07_37_PM326.jpg,-1
/home/ashraf/Documents/BFMC_Simulator/startup_workspace/DataSet/IMG/img_2021_04_20-06_07_38_PM327.jpg,-2
/home/ashraf/Documents/BFMC_Simulator/startup_workspace/DataSet/IMG/img_2021_04_20-06_07_38_PM328.jpg,-2
/home/ashraf/Documents/BFMC_Simulator/startup_workspace/DataSet/IMG/img_2021_04_20-06_07_38_PM329.jpg,-2
/home/ashraf/Documents/BFMC_Simulator/startup_workspace/DataSet/IMG/img_2021_04_20-06_07_38_PM330.jpg,-2
/home/ashraf/Documents/BFMC_Simulator/startup_workspace/DataSet/IMG/img_2021_04_20-06_07_39_PM331.jpg,-2
/home/ashraf/Documents/BFMC_Simulator/startup_workspace/DataSet/IMG/img_2021_04_20-06_07_39_PM332.jpg,-2
/home/ashraf/Documents/BFMC_Simulator/startup_workspace/DataSet/IMG/img_2021_04_20-06_07_39_PM333.jpg,-2
/home/ashraf/Documents/BFMC_Simulator/startup_workspace/DataSet/IMG/img_2021_04_20-06_07_39_PM334.jpg,-2
/home/ashraf/Documents/BFMC_Simulator/startup_workspace/DataSet/IMG/img_2021_04_20-06_07_40_PM335.jpg,-2
/home/ashraf/Documents/BFMC_Simulator/startup_workspace/DataSet/IMG/img_2021_04_20-06_07_40_PM336.jpg,-2
/home/ashraf/Documents/BFMC_Simulator/startup_workspace/DataSet/IMG/img_2021_04_20-06_07_40_PM337.jpg,-2
/home/ashraf/Documents/BFMC_Simulator/startup_workspace/DataSet/IMG/img_2021_04_20-06_07_40_PM338.jpg,-2
/home/ashraf/Documents/BFMC_Simulator/startup_workspace/DataSet/IMG/img_2021_04_20-06_07_41_PM339.jpg,-2
/home/ashraf/Documents/BFMC_Simulator/startup_workspace/DataSet/IMG/img_2021_04_20-06_07_41_PM340.jpg,-2
/home/ashraf/Documents/BFMC_Simulator/startup_workspace/DataSet/IMG/img_2021_04_20-06_07_41_PM341.jpg,-2
/home/ashraf/Documents/BFMC_Simulator/startup_workspace/DataSet/IMG/img_2021_04_20-06_07_42_PM342.jpg,-2
/home/ashraf/Documents/BFMC_Simulator/startup_workspace/DataSet/IMG/img_2021_04_20-06_07_42_PM343.jpg,-3
/home/ashraf/Documents/BFMC_Simulator/startup_workspace/DataSet/IMG/img_2021_04_20-06_07_42_PM344.jpg,-3
/home/ashraf/Documents/BFMC_Simulator/startup_workspace/DataSet/IMG/img_2021_04_20-06_07_42_PM345.jpg,-3
/home/ashraf/Documents/BFMC_Simulator/startup_workspace/DataSet/IMG/img_2021_04_20-06_07_43_PM346.jpg,-3
/home/ashraf/Documents/BFMC_Simulator/startup_workspace/DataSet/IMG/img_2021_04_20-06_07_43_PM347.jpg,-3
